split_type,target,representation,repeat,fold,cv_cycle,auc
chemical,is_active,Morphology,0,0,0_0,0.7438811081891016
chemical,is_active,PhysChem,0,0,0_0,0.5989755978227632
chemical,is_active,LogP,0,0,0_0,0.5793804660265427
chemical,is_active,MorganFP,0,0,0_0,0.5347608708947464
chemical,is_active,CLOOME,0,0,0_0,0.6771114916518868
chemical,is_active,CellCLIP,0,0,0_0,0.5863525166656474
chemical,is_active,CellCount,0,0,0_0,0.5712769861170571
chemical,is_active,MLP_CLOOME_arch,0,0,0_0,0.5271328970705156
chemical,is_active,Morphology,0,1,0_1,0.7666628014842299
chemical,is_active,PhysChem,0,1,0_1,0.6085792555658627
chemical,is_active,LogP,0,1,0_1,0.585434543135436
chemical,is_active,MorganFP,0,1,0_1,0.598892625231911
chemical,is_active,CLOOME,0,1,0_1,0.6863752319109462
chemical,is_active,CellCLIP,0,1,0_1,0.6091488868274583
chemical,is_active,CellCount,0,1,0_1,0.6159119897959184
chemical,is_active,MLP_CLOOME_arch,0,1,0_1,0.5690775742115027
chemical,is_active,Morphology,0,2,0_2,0.749439706087105
chemical,is_active,PhysChem,0,2,0_2,0.6618508338161517
chemical,is_active,LogP,0,2,0_2,0.6370822497990128
chemical,is_active,MorganFP,0,2,0_2,0.6246917822062331
chemical,is_active,CLOOME,0,2,0_2,0.734111906077224
chemical,is_active,CellCLIP,0,2,0_2,0.6600340892248406
chemical,is_active,CellCount,0,2,0_2,0.5736511401251285
chemical,is_active,MLP_CLOOME_arch,0,2,0_2,0.6186531836820854
chemical,is_active,Morphology,0,3,0_3,0.769972719927253
chemical,is_active,PhysChem,0,3,0_3,0.6379750346000923
chemical,is_active,LogP,0,3,0_3,0.6590324240864642
chemical,is_active,MorganFP,0,3,0_3,0.572957527886741
chemical,is_active,CLOOME,0,3,0_3,0.7149139064370837
chemical,is_active,CellCLIP,0,3,0_3,0.6413297102125606
chemical,is_active,CellCount,0,3,0_3,0.5596308256822018
chemical,is_active,MLP_CLOOME_arch,0,3,0_3,0.6340283574089531
chemical,is_active,Morphology,0,4,0_4,0.774360867558837
chemical,is_active,PhysChem,0,4,0_4,0.6213597908014152
chemical,is_active,LogP,0,4,0_4,0.6171496692816489
chemical,is_active,MorganFP,0,4,0_4,0.5342485771419782
chemical,is_active,CLOOME,0,4,0_4,0.7274942316566683
chemical,is_active,CellCLIP,0,4,0_4,0.6162928780187664
chemical,is_active,CellCount,0,4,0_4,0.5580387632671897
chemical,is_active,MLP_CLOOME_arch,0,4,0_4,0.5895031533610213
chemical,is_active_and_toxic,Morphology,0,0,0_0,0.957649768708001
chemical,is_active_and_toxic,PhysChem,0,0,0_0,0.695486474653062
chemical,is_active_and_toxic,LogP,0,0,0_0,0.5239610896423065
chemical,is_active_and_toxic,MorganFP,0,0,0_0,0.5721612000533018
chemical,is_active_and_toxic,CLOOME,0,0,0_0,0.9104566827206793
chemical,is_active_and_toxic,CellCLIP,0,0,0_0,0.8046258399802023
chemical,is_active_and_toxic,CellCount,0,0,0_0,0.9803468428166224
chemical,is_active_and_toxic,MLP_CLOOME_arch,0,0,0_0,0.5581351963602443
chemical,is_active_and_toxic,Morphology,0,1,0_1,0.9449022444946358
chemical,is_active_and_toxic,PhysChem,0,1,0_1,0.7152650338791642
chemical,is_active_and_toxic,LogP,0,1,0_1,0.6172227907961604
chemical,is_active_and_toxic,MorganFP,0,1,0_1,0.6103807876905702
chemical,is_active_and_toxic,CLOOME,0,1,0_1,0.8779423701298702
chemical,is_active_and_toxic,CellCLIP,0,1,0_1,0.7905314793901749
chemical,is_active_and_toxic,CellCount,0,1,0_1,0.9481909055618294
chemical,is_active_and_toxic,MLP_CLOOME_arch,0,1,0_1,0.538669889892716
chemical,is_active_and_toxic,Morphology,0,2,0_2,0.9605126220272653
chemical,is_active_and_toxic,PhysChem,0,2,0_2,0.68826172966929
chemical,is_active_and_toxic,LogP,0,2,0_2,0.6338579968176149
chemical,is_active_and_toxic,MorganFP,0,2,0_2,0.5968219154517698
chemical,is_active_and_toxic,CLOOME,0,2,0_2,0.9008041973078743
chemical,is_active_and_toxic,CellCLIP,0,2,0_2,0.7731217477314756
chemical,is_active_and_toxic,CellCount,0,2,0_2,0.9886939319657679
chemical,is_active_and_toxic,MLP_CLOOME_arch,0,2,0_2,0.5454952049197953
chemical,is_active_and_toxic,Morphology,0,3,0_3,0.9849820757937863
chemical,is_active_and_toxic,PhysChem,0,3,0_3,0.6877219187435984
chemical,is_active_and_toxic,LogP,0,3,0_3,0.5732481222260157
chemical,is_active_and_toxic,MorganFP,0,3,0_3,0.5878158074428133
chemical,is_active_and_toxic,CLOOME,0,3,0_3,0.9049675657220894
chemical,is_active_and_toxic,CellCLIP,0,3,0_3,0.766054967565722
chemical,is_active_and_toxic,CellCount,0,3,0_3,0.9652953226357118
chemical,is_active_and_toxic,MLP_CLOOME_arch,0,3,0_3,0.555496756572209
chemical,is_active_and_toxic,Morphology,0,4,0_4,0.9730539135135904
chemical,is_active_and_toxic,PhysChem,0,4,0_4,0.6640150949301806
chemical,is_active_and_toxic,LogP,0,4,0_4,0.5894829879710053
chemical,is_active_and_toxic,MorganFP,0,4,0_4,0.5754408615918678
chemical,is_active_and_toxic,CLOOME,0,4,0_4,0.8872415117693506
chemical,is_active_and_toxic,CellCLIP,0,4,0_4,0.7635086109392006
chemical,is_active_and_toxic,CellCount,0,4,0_4,0.9908021938154891
chemical,is_active_and_toxic,MLP_CLOOME_arch,0,4,0_4,0.5461722045569333
chemical,is_active_not_toxic,Morphology,0,0,0_0,0.7613217547964692
chemical,is_active_not_toxic,PhysChem,0,0,0_0,0.5479463842704735
chemical,is_active_not_toxic,LogP,0,0,0_0,0.5360053315463865
chemical,is_active_not_toxic,MorganFP,0,0,0_0,0.5270715126615073
chemical,is_active_not_toxic,CLOOME,0,0,0_0,0.719674541316738
chemical,is_active_not_toxic,CellCLIP,0,0,0_0,0.6159602184615778
chemical,is_active_not_toxic,CellCount,0,0,0_0,0.6883187503089625
chemical,is_active_not_toxic,MLP_CLOOME_arch,0,0,0_0,0.5339849464373663
chemical,is_active_not_toxic,Morphology,0,1,0_1,0.770389911014911
chemical,is_active_not_toxic,PhysChem,0,1,0_1,0.5488891895141895
chemical,is_active_not_toxic,LogP,0,1,0_1,0.5054460152116402
chemical,is_active_not_toxic,MorganFP,0,1,0_1,0.5514520202020202
chemical,is_active_not_toxic,CLOOME,0,1,0_1,0.6726190476190477
chemical,is_active_not_toxic,CellCLIP,0,1,0_1,0.6155246663059163
chemical,is_active_not_toxic,CellCount,0,1,0_1,0.61576798490861
chemical,is_active_not_toxic,MLP_CLOOME_arch,0,1,0_1,0.519818722943723
chemical,is_active_not_toxic,Morphology,0,2,0_2,0.7535047402934558
chemical,is_active_not_toxic,PhysChem,0,2,0_2,0.5556279366422441
chemical,is_active_not_toxic,LogP,0,2,0_2,0.5479429882758665
chemical,is_active_not_toxic,MorganFP,0,2,0_2,0.5459326102703153
chemical,is_active_not_toxic,CLOOME,0,2,0_2,0.7268634257033518
chemical,is_active_not_toxic,CellCLIP,0,2,0_2,0.6120371082607385
chemical,is_active_not_toxic,CellCount,0,2,0_2,0.6295471881950988
chemical,is_active_not_toxic,MLP_CLOOME_arch,0,2,0_2,0.5524292802061499
chemical,is_active_not_toxic,Morphology,0,3,0_3,0.7798325371140906
chemical,is_active_not_toxic,PhysChem,0,3,0_3,0.5641678313255146
chemical,is_active_not_toxic,LogP,0,3,0_3,0.5752351902335163
chemical,is_active_not_toxic,MorganFP,0,3,0_3,0.5758950159686684
chemical,is_active_not_toxic,CLOOME,0,3,0_3,0.7144575346784922
chemical,is_active_not_toxic,CellCLIP,0,3,0_3,0.604248037793401
chemical,is_active_not_toxic,CellCount,0,3,0_3,0.6535162069142653
chemical,is_active_not_toxic,MLP_CLOOME_arch,0,3,0_3,0.5546255998214485
chemical,is_active_not_toxic,Morphology,0,4,0_4,0.807264586169806
chemical,is_active_not_toxic,PhysChem,0,4,0_4,0.5511887277236391
chemical,is_active_not_toxic,LogP,0,4,0_4,0.5230866540164453
chemical,is_active_not_toxic,MorganFP,0,4,0_4,0.541318696241026
chemical,is_active_not_toxic,CLOOME,0,4,0_4,0.7406642080925682
chemical,is_active_not_toxic,CellCLIP,0,4,0_4,0.6163293274298967
chemical,is_active_not_toxic,CellCount,0,4,0_4,0.7128480150945016
chemical,is_active_not_toxic,MLP_CLOOME_arch,0,4,0_4,0.5507947483713733
chemical,is_active,Morphology,1,0,1_0,0.7754185866143528
chemical,is_active,PhysChem,1,0,1_0,0.661778593913956
chemical,is_active,LogP,1,0,1_0,0.6253695424061316
chemical,is_active,MorganFP,1,0,1_0,0.6464517085633469
chemical,is_active,CLOOME,1,0,1_0,0.7186789999543775
chemical,is_active,CellCLIP,1,0,1_0,0.6555602445367033
chemical,is_active,CellCount,1,0,1_0,0.5536874401204435
chemical,is_active,MLP_CLOOME_arch,1,0,1_0,0.6514040330307039
chemical,is_active,Morphology,1,1,1_1,0.7895349455370608
chemical,is_active,PhysChem,1,1,1_1,0.6253850738250527
chemical,is_active,LogP,1,1,1_1,0.6251598353660754
chemical,is_active,MorganFP,1,1,1_1,0.5172734115092655
chemical,is_active,CLOOME,1,1,1_1,0.7052118220812034
chemical,is_active,CellCLIP,1,1,1_1,0.5783284228551283
chemical,is_active,CellCount,1,1,1_1,0.598252932996455
chemical,is_active,MLP_CLOOME_arch,1,1,1_1,0.5974191309992474
chemical,is_active,Morphology,1,2,1_2,0.741478837327894
chemical,is_active,PhysChem,1,2,1_2,0.5907131929773439
chemical,is_active,LogP,1,2,1_2,0.5983026152837474
chemical,is_active,MorganFP,1,2,1_2,0.5473402782836745
chemical,is_active,CLOOME,1,2,1_2,0.6789771982224813
chemical,is_active,CellCLIP,1,2,1_2,0.6045486996430393
chemical,is_active,CellCount,1,2,1_2,0.5913061848910905
chemical,is_active,MLP_CLOOME_arch,1,2,1_2,0.5484038755736869
chemical,is_active,Morphology,1,3,1_3,0.760782046207886
chemical,is_active,PhysChem,1,3,1_3,0.58242065749765
chemical,is_active,LogP,1,3,1_3,0.6133614505516252
chemical,is_active,MorganFP,1,3,1_3,0.5509542126354326
chemical,is_active,CLOOME,1,3,1_3,0.6850881858210063
chemical,is_active,CellCLIP,1,3,1_3,0.6283425270865284
chemical,is_active,CellCount,1,3,1_3,0.5724147207242863
chemical,is_active,MLP_CLOOME_arch,1,3,1_3,0.567954410527878
chemical,is_active,Morphology,1,4,1_4,0.7348380892393175
chemical,is_active,PhysChem,1,4,1_4,0.6387461054810082
chemical,is_active,LogP,1,4,1_4,0.6273957618635204
chemical,is_active,MorganFP,1,4,1_4,0.5603467668462551
chemical,is_active,CLOOME,1,4,1_4,0.720536628162012
chemical,is_active,CellCLIP,1,4,1_4,0.6337296275883788
chemical,is_active,CellCount,1,4,1_4,0.5657653503098744
chemical,is_active,MLP_CLOOME_arch,1,4,1_4,0.5760823107291889
chemical,is_active_and_toxic,Morphology,1,0,1_0,0.9819256297702013
chemical,is_active_and_toxic,PhysChem,1,0,1_0,0.7494576307098475
chemical,is_active_and_toxic,LogP,1,0,1_0,0.6487519748690713
chemical,is_active_and_toxic,MorganFP,1,0,1_0,0.6084254938899969
chemical,is_active_and_toxic,CLOOME,1,0,1_0,0.8986172461918998
chemical,is_active_and_toxic,CellCLIP,1,0,1_0,0.8314693947112661
chemical,is_active_and_toxic,CellCount,1,0,1_0,0.9893115249443812
chemical,is_active_and_toxic,MLP_CLOOME_arch,1,0,1_0,0.5282216275224203
chemical,is_active_and_toxic,Morphology,1,1,1_1,0.9585509417442191
chemical,is_active_and_toxic,PhysChem,1,1,1_1,0.6625846919964568
chemical,is_active_and_toxic,LogP,1,1,1_1,0.5602326400645729
chemical,is_active_and_toxic,MorganFP,1,1,1_1,0.5800508237483026
chemical,is_active_and_toxic,CLOOME,1,1,1_1,0.9096766911892962
chemical,is_active_and_toxic,CellCLIP,1,1,1_1,0.757759514062035
chemical,is_active_and_toxic,CellCount,1,1,1_1,0.970995235701118
chemical,is_active_and_toxic,MLP_CLOOME_arch,1,1,1_1,0.5439697246419934
chemical,is_active_and_toxic,Morphology,1,2,1_2,0.974629812438302
chemical,is_active_and_toxic,PhysChem,1,2,1_2,0.677667594005205
chemical,is_active_and_toxic,LogP,1,2,1_2,0.5512900475634928
chemical,is_active_and_toxic,MorganFP,1,2,1_2,0.5762249842950731
chemical,is_active_and_toxic,CLOOME,1,2,1_2,0.9085030961141525
chemical,is_active_and_toxic,CellCLIP,1,2,1_2,0.7750381405366596
chemical,is_active_and_toxic,CellCount,1,2,1_2,0.9874674683657902
chemical,is_active_and_toxic,MLP_CLOOME_arch,1,2,1_2,0.5890873193933411
chemical,is_active_and_toxic,Morphology,1,3,1_3,0.9694853398904382
chemical,is_active_and_toxic,PhysChem,1,3,1_3,0.6413486678286854
chemical,is_active_and_toxic,LogP,1,3,1_3,0.577586139815737
chemical,is_active_and_toxic,MorganFP,1,3,1_3,0.5803738172310757
chemical,is_active_and_toxic,CLOOME,1,3,1_3,0.8751517368027889
chemical,is_active_and_toxic,CellCLIP,1,3,1_3,0.7604075883964143
chemical,is_active_and_toxic,CellCount,1,3,1_3,0.9645441670816732
chemical,is_active_and_toxic,MLP_CLOOME_arch,1,3,1_3,0.5285148468625498
chemical,is_active_and_toxic,Morphology,1,4,1_4,0.9704562619396686
chemical,is_active_and_toxic,PhysChem,1,4,1_4,0.7094939801857034
chemical,is_active_and_toxic,LogP,1,4,1_4,0.6005375627526767
chemical,is_active_and_toxic,MorganFP,1,4,1_4,0.6331750128231535
chemical,is_active_and_toxic,CLOOME,1,4,1_4,0.8864817709279925
chemical,is_active_and_toxic,CellCLIP,1,4,1_4,0.8113441492090033
chemical,is_active_and_toxic,CellCount,1,4,1_4,0.9693758860092326
chemical,is_active_and_toxic,MLP_CLOOME_arch,1,4,1_4,0.5589158276083506
chemical,is_active_not_toxic,Morphology,1,0,1_0,0.7783998033856594
chemical,is_active_not_toxic,PhysChem,1,0,1_0,0.5963278313207304
chemical,is_active_not_toxic,LogP,1,0,1_0,0.5373847653576089
chemical,is_active_not_toxic,MorganFP,1,0,1_0,0.5706508561465898
chemical,is_active_not_toxic,CLOOME,1,0,1_0,0.7003231270917079
chemical,is_active_not_toxic,CellCLIP,1,0,1_0,0.6337513587337509
chemical,is_active_not_toxic,CellCount,1,0,1_0,0.6364020235442375
chemical,is_active_not_toxic,MLP_CLOOME_arch,1,0,1_0,0.5584902921669308
chemical,is_active_not_toxic,Morphology,1,1,1_1,0.795191113795765
chemical,is_active_not_toxic,PhysChem,1,1,1_1,0.534342595389107
chemical,is_active_not_toxic,LogP,1,1,1_1,0.5455065606228396
chemical,is_active_not_toxic,MorganFP,1,1,1_1,0.5312728615054196
chemical,is_active_not_toxic,CLOOME,1,1,1_1,0.7188177455619317
chemical,is_active_not_toxic,CellCLIP,1,1,1_1,0.5908889560052352
chemical,is_active_not_toxic,CellCount,1,1,1_1,0.6721458773784355
chemical,is_active_not_toxic,MLP_CLOOME_arch,1,1,1_1,0.5343669250645995
chemical,is_active_not_toxic,Morphology,1,2,1_2,0.7653198365985194
chemical,is_active_not_toxic,PhysChem,1,2,1_2,0.533816713582985
chemical,is_active_not_toxic,LogP,1,2,1_2,0.5422806069739449
chemical,is_active_not_toxic,MorganFP,1,2,1_2,0.5233586397111092
chemical,is_active_not_toxic,CLOOME,1,2,1_2,0.7282227719487807
chemical,is_active_not_toxic,CellCLIP,1,2,1_2,0.5787540163211919
chemical,is_active_not_toxic,CellCount,1,2,1_2,0.6465362487797018
chemical,is_active_not_toxic,MLP_CLOOME_arch,1,2,1_2,0.5207806117129669
chemical,is_active_not_toxic,Morphology,1,3,1_3,0.7699443586010163
chemical,is_active_not_toxic,PhysChem,1,3,1_3,0.5311497117641815
chemical,is_active_not_toxic,LogP,1,3,1_3,0.5310531379074674
chemical,is_active_not_toxic,MorganFP,1,3,1_3,0.5021264820372626
chemical,is_active_not_toxic,CLOOME,1,3,1_3,0.7099887082875227
chemical,is_active_not_toxic,CellCLIP,1,3,1_3,0.595182821739518
chemical,is_active_not_toxic,CellCount,1,3,1_3,0.6782521246248476
chemical,is_active_not_toxic,MLP_CLOOME_arch,1,3,1_3,0.5224376355748372
chemical,is_active_not_toxic,Morphology,1,4,1_4,0.7669749576957858
chemical,is_active_not_toxic,PhysChem,1,4,1_4,0.5808355194241255
chemical,is_active_not_toxic,LogP,1,4,1_4,0.536551736487273
chemical,is_active_not_toxic,MorganFP,1,4,1_4,0.5678640176916673
chemical,is_active_not_toxic,CLOOME,1,4,1_4,0.7171159717434709
chemical,is_active_not_toxic,CellCLIP,1,4,1_4,0.641949664699931
chemical,is_active_not_toxic,CellCount,1,4,1_4,0.6662246734293721
chemical,is_active_not_toxic,MLP_CLOOME_arch,1,4,1_4,0.5258087043718831
chemical,is_active,Morphology,2,0,2_0,0.7919554251996435
chemical,is_active,PhysChem,2,0,2_0,0.6135956601863628
chemical,is_active,LogP,2,0,2_0,0.6052566309918297
chemical,is_active,MorganFP,2,0,2_0,0.5509354190279255
chemical,is_active,CLOOME,2,0,2_0,0.7285266032767784
chemical,is_active,CellCLIP,2,0,2_0,0.5815935721845862
chemical,is_active,CellCount,2,0,2_0,0.5894221368564037
chemical,is_active,MLP_CLOOME_arch,2,0,2_0,0.5821184566090736
chemical,is_active,Morphology,2,1,2_1,0.7564092569493941
chemical,is_active,PhysChem,2,1,2_1,0.6174492159657876
chemical,is_active,LogP,2,1,2_1,0.6218663689415538
chemical,is_active,MorganFP,2,1,2_1,0.5733946231290092
chemical,is_active,CLOOME,2,1,2_1,0.7071523632394868
chemical,is_active,CellCLIP,2,1,2_1,0.6306060116714183
chemical,is_active,CellCount,2,1,2_1,0.5818655893620812
chemical,is_active,MLP_CLOOME_arch,2,1,2_1,0.6126353127227369
chemical,is_active,Morphology,2,2,2_2,0.7561129227835137
chemical,is_active,PhysChem,2,2,2_2,0.6375893246059121
chemical,is_active,LogP,2,2,2_2,0.6231605311797324
chemical,is_active,MorganFP,2,2,2_2,0.521754294056014
chemical,is_active,CLOOME,2,2,2_2,0.7169013338356309
chemical,is_active,CellCLIP,2,2,2_2,0.6231737753552382
chemical,is_active,CellCount,2,2,2_2,0.5663077004579542
chemical,is_active,MLP_CLOOME_arch,2,2,2_2,0.5780199663303627
chemical,is_active,Morphology,2,3,2_3,0.7476459510357816
chemical,is_active,PhysChem,2,3,2_3,0.5978361495401493
chemical,is_active,LogP,2,3,2_3,0.5614475274194431
chemical,is_active,MorganFP,2,3,2_3,0.5148481728542466
chemical,is_active,CLOOME,2,3,2_3,0.6745457009946849
chemical,is_active,CellCLIP,2,3,2_3,0.5895807557758916
chemical,is_active,CellCount,2,3,2_3,0.5694534568830517
chemical,is_active,MLP_CLOOME_arch,2,3,2_3,0.5514545354917042
chemical,is_active,Morphology,2,4,2_4,0.7398000825562414
chemical,is_active,PhysChem,2,4,2_4,0.6659826069009513
chemical,is_active,LogP,2,4,2_4,0.6682998104959004
chemical,is_active,MorganFP,2,4,2_4,0.6206399984989774
chemical,is_active,CLOOME,2,4,2_4,0.7155245604818283
chemical,is_active,CellCLIP,2,4,2_4,0.6703297089892488
chemical,is_active,CellCount,2,4,2_4,0.5721475880443553
chemical,is_active,MLP_CLOOME_arch,2,4,2_4,0.6218103270352928
chemical,is_active_and_toxic,Morphology,2,0,2_0,0.9592926682447509
chemical,is_active_and_toxic,PhysChem,2,0,2_0,0.6945094436121534
chemical,is_active_and_toxic,LogP,2,0,2_0,0.5778549218576737
chemical,is_active_and_toxic,MorganFP,2,0,2_0,0.562774109159376
chemical,is_active_and_toxic,CLOOME,2,0,2_0,0.8921192343726663
chemical,is_active_and_toxic,CellCLIP,2,0,2_0,0.7803935856759436
chemical,is_active_and_toxic,CellCount,2,0,2_0,0.9626034769148604
chemical,is_active_and_toxic,MLP_CLOOME_arch,2,0,2_0,0.4756679324531667
chemical,is_active_and_toxic,Morphology,2,1,2_1,0.9900852878464819
chemical,is_active_and_toxic,PhysChem,2,1,2_1,0.7085189133696596
chemical,is_active_and_toxic,LogP,2,1,2_1,0.5996071231145859
chemical,is_active_and_toxic,MorganFP,2,1,2_1,0.5283878227908079
chemical,is_active_and_toxic,CLOOME,2,1,2_1,0.8877773829266367
chemical,is_active_and_toxic,CellCLIP,2,1,2_1,0.7612631288004423
chemical,is_active_and_toxic,CellCount,2,1,2_1,0.9806720366421858
chemical,is_active_and_toxic,MLP_CLOOME_arch,2,1,2_1,0.5004639500908158
chemical,is_active_and_toxic,Morphology,2,2,2_2,0.9831433068767645
chemical,is_active_and_toxic,PhysChem,2,2,2_2,0.7211691415912251
chemical,is_active_and_toxic,LogP,2,2,2_2,0.5841273080094278
chemical,is_active_and_toxic,MorganFP,2,2,2_2,0.6429300164069593
chemical,is_active_and_toxic,CLOOME,2,2,2_2,0.9007087473244997
chemical,is_active_and_toxic,CellCLIP,2,2,2_2,0.7751330462809505
chemical,is_active_and_toxic,CellCount,2,2,2_2,0.9725329180235027
chemical,is_active_and_toxic,MLP_CLOOME_arch,2,2,2_2,0.5561834248069891
chemical,is_active_and_toxic,Morphology,2,3,2_3,0.9721019193158346
chemical,is_active_and_toxic,PhysChem,2,3,2_3,0.6376737750986701
chemical,is_active_and_toxic,LogP,2,3,2_3,0.5391741102048655
chemical,is_active_and_toxic,MorganFP,2,3,2_3,0.5912919421657659
chemical,is_active_and_toxic,CLOOME,2,3,2_3,0.9023175238983628
chemical,is_active_and_toxic,CellCLIP,2,3,2_3,0.7632700093672959
chemical,is_active_and_toxic,CellCount,2,3,2_3,0.9850299635890462
chemical,is_active_and_toxic,MLP_CLOOME_arch,2,3,2_3,0.5224481957176955
chemical,is_active_and_toxic,Morphology,2,4,2_4,0.963745739070763
chemical,is_active_and_toxic,PhysChem,2,4,2_4,0.7040043411130257
chemical,is_active_and_toxic,LogP,2,4,2_4,0.6334873607972134
chemical,is_active_and_toxic,MorganFP,2,4,2_4,0.6329559101046491
chemical,is_active_and_toxic,CLOOME,2,4,2_4,0.9148019273945116
chemical,is_active_and_toxic,CellCLIP,2,4,2_4,0.8003293129554626
chemical,is_active_and_toxic,CellCount,2,4,2_4,0.9758814622539477
chemical,is_active_and_toxic,MLP_CLOOME_arch,2,4,2_4,0.579562830525036
chemical,is_active_not_toxic,Morphology,2,0,2_0,0.7895256095256096
chemical,is_active_not_toxic,PhysChem,2,0,2_0,0.5250292950292951
chemical,is_active_not_toxic,LogP,2,0,2_0,0.5364685314685315
chemical,is_active_not_toxic,MorganFP,2,0,2_0,0.5374428274428275
chemical,is_active_not_toxic,CLOOME,2,0,2_0,0.693035343035343
chemical,is_active_not_toxic,CellCLIP,2,0,2_0,0.6021149121149121
chemical,is_active_not_toxic,CellCount,2,0,2_0,0.6345728595728596
chemical,is_active_not_toxic,MLP_CLOOME_arch,2,0,2_0,0.5073984123984123
chemical,is_active_not_toxic,Morphology,2,1,2_1,0.7833692541426703
chemical,is_active_not_toxic,PhysChem,2,1,2_1,0.5521481821715013
chemical,is_active_not_toxic,LogP,2,1,2_1,0.5327597781153941
chemical,is_active_not_toxic,MorganFP,2,1,2_1,0.541051301982122
chemical,is_active_not_toxic,CLOOME,2,1,2_1,0.7149365791612197
chemical,is_active_not_toxic,CellCLIP,2,1,2_1,0.6120570257569868
chemical,is_active_not_toxic,CellCount,2,1,2_1,0.6631125675723422
chemical,is_active_not_toxic,MLP_CLOOME_arch,2,1,2_1,0.5636822951630569
chemical,is_active_not_toxic,Morphology,2,2,2_2,0.7810892081523555
chemical,is_active_not_toxic,PhysChem,2,2,2_2,0.5428286371904816
chemical,is_active_not_toxic,LogP,2,2,2_2,0.5401752236700449
chemical,is_active_not_toxic,MorganFP,2,2,2_2,0.5395831013104652
chemical,is_active_not_toxic,CLOOME,2,2,2_2,0.714470802242269
chemical,is_active_not_toxic,CellCLIP,2,2,2_2,0.6090340423952184
chemical,is_active_not_toxic,CellCount,2,2,2_2,0.6688114860600661
chemical,is_active_not_toxic,MLP_CLOOME_arch,2,2,2_2,0.5434402494709879
chemical,is_active_not_toxic,Morphology,2,3,2_3,0.7781400827396001
chemical,is_active_not_toxic,PhysChem,2,3,2_3,0.5300757009882785
chemical,is_active_not_toxic,LogP,2,3,2_3,0.520310524879338
chemical,is_active_not_toxic,MorganFP,2,3,2_3,0.5443585167202942
chemical,is_active_not_toxic,CLOOME,2,3,2_3,0.7245658325672258
chemical,is_active_not_toxic,CellCLIP,2,3,2_3,0.5964020483796828
chemical,is_active_not_toxic,CellCount,2,3,2_3,0.6789629898299242
chemical,is_active_not_toxic,MLP_CLOOME_arch,2,3,2_3,0.5306430992875202
chemical,is_active_not_toxic,Morphology,2,4,2_4,0.7476864761652693
chemical,is_active_not_toxic,PhysChem,2,4,2_4,0.5814436010624722
chemical,is_active_not_toxic,LogP,2,4,2_4,0.5566628226093587
chemical,is_active_not_toxic,MorganFP,2,4,2_4,0.5651583468032882
chemical,is_active_not_toxic,CLOOME,2,4,2_4,0.7262605829733468
chemical,is_active_not_toxic,CellCLIP,2,4,2_4,0.6473061665611126
chemical,is_active_not_toxic,CellCount,2,4,2_4,0.6525618121264254
chemical,is_active_not_toxic,MLP_CLOOME_arch,2,4,2_4,0.5589164799778178
chemical,is_active,Morphology,3,0,3_0,0.7593691383072387
chemical,is_active,PhysChem,3,0,3_0,0.5934381432218586
chemical,is_active,LogP,3,0,3_0,0.6108351320233569
chemical,is_active,MorganFP,3,0,3_0,0.5558688335360233
chemical,is_active,CLOOME,3,0,3_0,0.702197297400758
chemical,is_active,CellCLIP,3,0,3_0,0.5858659772260812
chemical,is_active,CellCount,3,0,3_0,0.5488473169826766
chemical,is_active,MLP_CLOOME_arch,3,0,3_0,0.5353034019534804
chemical,is_active,Morphology,3,1,3_1,0.7631999509978618
chemical,is_active,PhysChem,3,1,3_1,0.596974117961511
chemical,is_active,LogP,3,1,3_1,0.6097884555416964
chemical,is_active,MorganFP,3,1,3_1,0.5187586310584462
chemical,is_active,CLOOME,3,1,3_1,0.6941389544725588
chemical,is_active,CellCLIP,3,1,3_1,0.6121466834461867
chemical,is_active,CellCount,3,1,3_1,0.5768331254454739
chemical,is_active,MLP_CLOOME_arch,3,1,3_1,0.5700187655915895
chemical,is_active,Morphology,3,2,3_2,0.7539869341611454
chemical,is_active,PhysChem,3,2,3_2,0.6705821711532225
chemical,is_active,LogP,3,2,3_2,0.6508814807950701
chemical,is_active,MorganFP,3,2,3_2,0.5861048047074086
chemical,is_active,CLOOME,3,2,3_2,0.6985810591669368
chemical,is_active,CellCLIP,3,2,3_2,0.6597379882314784
chemical,is_active,CellCount,3,2,3_2,0.5887098642450077
chemical,is_active,MLP_CLOOME_arch,3,2,3_2,0.6224841310290506
chemical,is_active,Morphology,3,3,3_3,0.7947170141030385
chemical,is_active,PhysChem,3,3,3_3,0.6505116463138851
chemical,is_active,LogP,3,3,3_3,0.6270532667242301
chemical,is_active,MorganFP,3,3,3_3,0.5569273981333004
chemical,is_active,CLOOME,3,3,3_3,0.6983753751901649
chemical,is_active,CellCLIP,3,3,3_3,0.640529275112043
chemical,is_active,CellCount,3,3,3_3,0.5904593766703672
chemical,is_active,MLP_CLOOME_arch,3,3,3_3,0.6312446034291354
chemical,is_active,Morphology,3,4,3_4,0.750031905961377
chemical,is_active,PhysChem,3,4,3_4,0.6016826196473553
chemical,is_active,LogP,3,4,3_4,0.579455919395466
chemical,is_active,MorganFP,3,4,3_4,0.5423140218303946
chemical,is_active,CLOOME,3,4,3_4,0.7070058774139379
chemical,is_active,CellCLIP,3,4,3_4,0.5737329974811083
chemical,is_active,CellCount,3,4,3_4,0.5782267002518893
chemical,is_active,MLP_CLOOME_arch,3,4,3_4,0.5951167086481948
chemical,is_active_and_toxic,Morphology,3,0,3_0,0.9596664186507937
chemical,is_active_and_toxic,PhysChem,3,0,3_0,0.6976686507936508
chemical,is_active_and_toxic,LogP,3,0,3_0,0.5489955357142857
chemical,is_active_and_toxic,MorganFP,3,0,3_0,0.5545118220899471
chemical,is_active_and_toxic,CLOOME,3,0,3_0,0.8947275958994708
chemical,is_active_and_toxic,CellCLIP,3,0,3_0,0.7453062996031746
chemical,is_active_and_toxic,CellCount,3,0,3_0,0.9735532407407406
chemical,is_active_and_toxic,MLP_CLOOME_arch,3,0,3_0,0.528668568121693
chemical,is_active_and_toxic,Morphology,3,1,3_1,0.9759939672448057
chemical,is_active_and_toxic,PhysChem,3,1,3_1,0.707111401823992
chemical,is_active_and_toxic,LogP,3,1,3_1,0.5641563516829637
chemical,is_active_and_toxic,MorganFP,3,1,3_1,0.6053399049257779
chemical,is_active_and_toxic,CLOOME,3,1,3_1,0.9227303216775059
chemical,is_active_and_toxic,CellCLIP,3,1,3_1,0.7891097936447756
chemical,is_active_and_toxic,CellCount,3,1,3_1,0.9807935072888848
chemical,is_active_and_toxic,MLP_CLOOME_arch,3,1,3_1,0.5229478008357533
chemical,is_active_and_toxic,Morphology,3,2,3_2,0.9703910220214569
chemical,is_active_and_toxic,PhysChem,3,2,3_2,0.6495182806324111
chemical,is_active_and_toxic,LogP,3,2,3_2,0.6243515316205532
chemical,is_active_and_toxic,MorganFP,3,2,3_2,0.6808035714285714
chemical,is_active_and_toxic,CLOOME,3,2,3_2,0.8816082015810277
chemical,is_active_and_toxic,CellCLIP,3,2,3_2,0.764936829474873
chemical,is_active_and_toxic,CellCount,3,2,3_2,0.967089126905703
chemical,is_active_and_toxic,MLP_CLOOME_arch,3,2,3_2,0.561039843308865
chemical,is_active_and_toxic,Morphology,3,3,3_3,0.9556396462113613
chemical,is_active_and_toxic,PhysChem,3,3,3_3,0.6819304066044287
chemical,is_active_and_toxic,LogP,3,3,3_3,0.6197648890728128
chemical,is_active_and_toxic,MorganFP,3,3,3_3,0.5721570305321559
chemical,is_active_and_toxic,CLOOME,3,3,3_3,0.8975650728409004
chemical,is_active_and_toxic,CellCLIP,3,3,3_3,0.7972010436905121
chemical,is_active_and_toxic,CellCount,3,3,3_3,0.9684490534540686
chemical,is_active_and_toxic,MLP_CLOOME_arch,3,3,3_3,0.5863657405783785
chemical,is_active_and_toxic,Morphology,3,4,3_4,0.9931512470557338
chemical,is_active_and_toxic,PhysChem,3,4,3_4,0.7150627426198429
chemical,is_active_and_toxic,LogP,3,4,3_4,0.5700612243223058
chemical,is_active_and_toxic,MorganFP,3,4,3_4,0.6140815941303438
chemical,is_active_and_toxic,CLOOME,3,4,3_4,0.9147701625809418
chemical,is_active_and_toxic,CellCLIP,3,4,3_4,0.8204100224051475
chemical,is_active_and_toxic,CellCount,3,4,3_4,0.9884732492387995
chemical,is_active_and_toxic,MLP_CLOOME_arch,3,4,3_4,0.5822958300163319
chemical,is_active_not_toxic,Morphology,3,0,3_0,0.7783051450095277
chemical,is_active_not_toxic,PhysChem,3,0,3_0,0.5617001142594709
chemical,is_active_not_toxic,LogP,3,0,3_0,0.5477528662090115
chemical,is_active_not_toxic,MorganFP,3,0,3_0,0.5222676338289516
chemical,is_active_not_toxic,CLOOME,3,0,3_0,0.7175568843646007
chemical,is_active_not_toxic,CellCLIP,3,0,3_0,0.5705936492474987
chemical,is_active_not_toxic,CellCount,3,0,3_0,0.6814327433939692
chemical,is_active_not_toxic,MLP_CLOOME_arch,3,0,3_0,0.5415528547275088
chemical,is_active_not_toxic,Morphology,3,1,3_1,0.776366179989521
chemical,is_active_not_toxic,PhysChem,3,1,3_1,0.5446885932455766
chemical,is_active_not_toxic,LogP,3,1,3_1,0.5432724941888624
chemical,is_active_not_toxic,MorganFP,3,1,3_1,0.5215691781944152
chemical,is_active_not_toxic,CLOOME,3,1,3_1,0.7200715161532519
chemical,is_active_not_toxic,CellCLIP,3,1,3_1,0.6104998388545892
chemical,is_active_not_toxic,CellCount,3,1,3_1,0.6580944510162963
chemical,is_active_not_toxic,MLP_CLOOME_arch,3,1,3_1,0.5211136498265211
chemical,is_active_not_toxic,Morphology,3,2,3_2,0.7519548347605164
chemical,is_active_not_toxic,PhysChem,3,2,3_2,0.5578659062337508
chemical,is_active_not_toxic,LogP,3,2,3_2,0.5607849945040841
chemical,is_active_not_toxic,MorganFP,3,2,3_2,0.5857091377006667
chemical,is_active_not_toxic,CLOOME,3,2,3_2,0.6808954393770856
chemical,is_active_not_toxic,CellCLIP,3,2,3_2,0.635489959257821
chemical,is_active_not_toxic,CellCount,3,2,3_2,0.6112198958737848
chemical,is_active_not_toxic,MLP_CLOOME_arch,3,2,3_2,0.5575211773765723
chemical,is_active_not_toxic,Morphology,3,3,3_3,0.7942061505337293
chemical,is_active_not_toxic,PhysChem,3,3,3_3,0.5596238278058081
chemical,is_active_not_toxic,LogP,3,3,3_3,0.5247911775768817
chemical,is_active_not_toxic,MorganFP,3,3,3_3,0.5325142025188394
chemical,is_active_not_toxic,CLOOME,3,3,3_3,0.7130612913267358
chemical,is_active_not_toxic,CellCLIP,3,3,3_3,0.6048870607919687
chemical,is_active_not_toxic,CellCount,3,3,3_3,0.6594921788868857
chemical,is_active_not_toxic,MLP_CLOOME_arch,3,3,3_3,0.5681015642226228
chemical,is_active_not_toxic,Morphology,3,4,3_4,0.787927798805885
chemical,is_active_not_toxic,PhysChem,3,4,3_4,0.5529898405207228
chemical,is_active_not_toxic,LogP,3,4,3_4,0.513034896979871
chemical,is_active_not_toxic,MorganFP,3,4,3_4,0.5379396766070665
chemical,is_active_not_toxic,CLOOME,3,4,3_4,0.7441026717134125
chemical,is_active_not_toxic,CellCLIP,3,4,3_4,0.618154427252427
chemical,is_active_not_toxic,CellCount,3,4,3_4,0.6895419919864434
chemical,is_active_not_toxic,MLP_CLOOME_arch,3,4,3_4,0.53846229985905
chemical,is_active,Morphology,4,0,4_0,0.7808401410651311
chemical,is_active,PhysChem,4,0,4_0,0.6061619272949125
chemical,is_active,LogP,4,0,4_0,0.6239349433805039
chemical,is_active,MorganFP,4,0,4_0,0.5222132940493729
chemical,is_active,CLOOME,4,0,4_0,0.7332648840081544
chemical,is_active,CellCLIP,4,0,4_0,0.5971042959391694
chemical,is_active,CellCount,4,0,4_0,0.5827939228903473
chemical,is_active,MLP_CLOOME_arch,4,0,4_0,0.5776081424936387
chemical,is_active,Morphology,4,1,4_1,0.755536521285217
chemical,is_active,PhysChem,4,1,4_1,0.5520918951500102
chemical,is_active,LogP,4,1,4_1,0.567198184245969
chemical,is_active,MorganFP,4,1,4_1,0.5170169260806995
chemical,is_active,CLOOME,4,1,4_1,0.6872856842099191
chemical,is_active,CellCLIP,4,1,4_1,0.576855192462429
chemical,is_active,CellCount,4,1,4_1,0.584512160303164
chemical,is_active,MLP_CLOOME_arch,4,1,4_1,0.568384942161774
chemical,is_active,Morphology,4,2,4_2,0.746103937264561
chemical,is_active,PhysChem,4,2,4_2,0.7061732559403071
chemical,is_active,LogP,4,2,4_2,0.6730205013039698
chemical,is_active,MorganFP,4,2,4_2,0.6359490455665024
chemical,is_active,CLOOME,4,2,4_2,0.669556831353231
chemical,is_active,CellCLIP,4,2,4_2,0.6983483048391771
chemical,is_active,CellCount,4,2,4_2,0.5370024087221095
chemical,is_active,MLP_CLOOME_arch,4,2,4_2,0.6495603629382787
chemical,is_active,Morphology,4,3,4_3,0.7550296025208065
chemical,is_active,PhysChem,4,3,4_3,0.5772025264585777
chemical,is_active,LogP,4,3,4_3,0.6041853301493549
chemical,is_active,MorganFP,4,3,4_3,0.5482824885899591
chemical,is_active,CLOOME,4,3,4_3,0.6911701120515464
chemical,is_active,CellCLIP,4,3,4_3,0.6209464328609176
chemical,is_active,CellCount,4,3,4_3,0.5720210255613174
chemical,is_active,MLP_CLOOME_arch,4,3,4_3,0.553432903307852
chemical,is_active,Morphology,4,4,4_4,0.7749963928044546
chemical,is_active,PhysChem,4,4,4_4,0.622239759245463
chemical,is_active,LogP,4,4,4_4,0.6114461467789953
chemical,is_active,MorganFP,4,4,4_4,0.5514518593988793
chemical,is_active,CLOOME,4,4,4_4,0.7183177806766216
chemical,is_active,CellCLIP,4,4,4_4,0.622525390239665
chemical,is_active,CellCount,4,4,4_4,0.61501653420652
chemical,is_active,MLP_CLOOME_arch,4,4,4_4,0.5752137079320022
chemical,is_active_and_toxic,Morphology,4,0,4_0,0.9828411359099982
chemical,is_active_and_toxic,PhysChem,4,0,4_0,0.6451793382931108
chemical,is_active_and_toxic,LogP,4,0,4_0,0.5989025736405975
chemical,is_active_and_toxic,MorganFP,4,0,4_0,0.5863575878545939
chemical,is_active_and_toxic,CLOOME,4,0,4_0,0.8909529425996492
chemical,is_active_and_toxic,CellCLIP,4,0,4_0,0.7794486784007743
chemical,is_active_and_toxic,CellCount,4,0,4_0,0.9626504566624328
chemical,is_active_and_toxic,MLP_CLOOME_arch,4,0,4_0,0.511768130405855
chemical,is_active_and_toxic,Morphology,4,1,4_1,0.963099608641392
chemical,is_active_and_toxic,PhysChem,4,1,4_1,0.648461827390256
chemical,is_active_and_toxic,LogP,4,1,4_1,0.5707171676783832
chemical,is_active_and_toxic,MorganFP,4,1,4_1,0.5596549259084246
chemical,is_active_and_toxic,CLOOME,4,1,4_1,0.9068291875169124
chemical,is_active_and_toxic,CellCLIP,4,1,4_1,0.7812753686404226
chemical,is_active_and_toxic,CellCount,4,1,4_1,0.9814215727850273
chemical,is_active_and_toxic,MLP_CLOOME_arch,4,1,4_1,0.49863690887281453
chemical,is_active_and_toxic,Morphology,4,2,4_2,0.9546127924202712
chemical,is_active_and_toxic,PhysChem,4,2,4_2,0.7388709362332525
chemical,is_active_and_toxic,LogP,4,2,4_2,0.61039323098963
chemical,is_active_and_toxic,MorganFP,4,2,4_2,0.6808020088885994
chemical,is_active_and_toxic,CLOOME,4,2,4_2,0.9247379002718674
chemical,is_active_and_toxic,CellCLIP,4,2,4_2,0.7958287886434303
chemical,is_active_and_toxic,CellCount,4,2,4_2,0.9969740504989663
chemical,is_active_and_toxic,MLP_CLOOME_arch,4,2,4_2,0.6115979129698667
chemical,is_active_and_toxic,Morphology,4,3,4_3,0.9650264595425059
chemical,is_active_and_toxic,PhysChem,4,3,4_3,0.6704485319221577
chemical,is_active_and_toxic,LogP,4,3,4_3,0.5790500170706726
chemical,is_active_and_toxic,MorganFP,4,3,4_3,0.5508663366336634
chemical,is_active_and_toxic,CLOOME,4,3,4_3,0.8750725503584841
chemical,is_active_and_toxic,CellCLIP,4,3,4_3,0.7559533970638443
chemical,is_active_and_toxic,CellCount,4,3,4_3,0.9655300443837487
chemical,is_active_and_toxic,MLP_CLOOME_arch,4,3,4_3,0.5147490611130079
chemical,is_active_and_toxic,Morphology,4,4,4_4,0.9500341869210608
chemical,is_active_and_toxic,PhysChem,4,4,4_4,0.713713025216924
chemical,is_active_and_toxic,LogP,4,4,4_4,0.5742588763898612
chemical,is_active_and_toxic,MorganFP,4,4,4_4,0.5842768652221336
chemical,is_active_and_toxic,CLOOME,4,4,4_4,0.8753316945317205
chemical,is_active_and_toxic,CellCLIP,4,4,4_4,0.8005518745828382
chemical,is_active_and_toxic,CellCount,4,4,4_4,0.9721539388216907
chemical,is_active_and_toxic,MLP_CLOOME_arch,4,4,4_4,0.5840794764517232
chemical,is_active_not_toxic,Morphology,4,0,4_0,0.8057180513468696
chemical,is_active_not_toxic,PhysChem,4,0,4_0,0.5252242081818657
chemical,is_active_not_toxic,LogP,4,0,4_0,0.527874555049613
chemical,is_active_not_toxic,MorganFP,4,0,4_0,0.5156374066211858
chemical,is_active_not_toxic,CLOOME,4,0,4_0,0.7110887848195622
chemical,is_active_not_toxic,CellCLIP,4,0,4_0,0.6063730759327979
chemical,is_active_not_toxic,CellCount,4,0,4_0,0.6702631801641701
chemical,is_active_not_toxic,MLP_CLOOME_arch,4,0,4_0,0.5057463193127824
chemical,is_active_not_toxic,Morphology,4,1,4_1,0.7869335511982571
chemical,is_active_not_toxic,PhysChem,4,1,4_1,0.5282897603485839
chemical,is_active_not_toxic,LogP,4,1,4_1,0.5105137981118373
chemical,is_active_not_toxic,MorganFP,4,1,4_1,0.5226325344952796
chemical,is_active_not_toxic,CLOOME,4,1,4_1,0.7261628540305011
chemical,is_active_not_toxic,CellCLIP,4,1,4_1,0.6019943718228031
chemical,is_active_not_toxic,CellCount,4,1,4_1,0.6632089687726942
chemical,is_active_not_toxic,MLP_CLOOME_arch,4,1,4_1,0.5260884168482208
chemical,is_active_not_toxic,Morphology,4,2,4_2,0.7483719809520186
chemical,is_active_not_toxic,PhysChem,4,2,4_2,0.6039942741920143
chemical,is_active_not_toxic,LogP,4,2,4_2,0.5781568034392893
chemical,is_active_not_toxic,MorganFP,4,2,4_2,0.5823964694021191
chemical,is_active_not_toxic,CLOOME,4,2,4_2,0.6965488215488216
chemical,is_active_not_toxic,CellCLIP,4,2,4_2,0.6407317049972416
chemical,is_active_not_toxic,CellCount,4,2,4_2,0.6676613910606377
chemical,is_active_not_toxic,MLP_CLOOME_arch,4,2,4_2,0.5534812975961751
chemical,is_active_not_toxic,Morphology,4,3,4_3,0.7797533061263349
chemical,is_active_not_toxic,PhysChem,4,3,4_3,0.5283513035008414
chemical,is_active_not_toxic,LogP,4,3,4_3,0.5335848973695629
chemical,is_active_not_toxic,MorganFP,4,3,4_3,0.5277837281643698
chemical,is_active_not_toxic,CLOOME,4,3,4_3,0.6914092895604587
chemical,is_active_not_toxic,CellCLIP,4,3,4_3,0.5894251560374453
chemical,is_active_not_toxic,CellCount,4,3,4_3,0.6530585902527174
chemical,is_active_not_toxic,MLP_CLOOME_arch,4,3,4_3,0.5452110373263174
chemical,is_active_not_toxic,Morphology,4,4,4_4,0.7868549701249321
chemical,is_active_not_toxic,PhysChem,4,4,4_4,0.5527191375357903
chemical,is_active_not_toxic,LogP,4,4,4_4,0.5360912915788214
chemical,is_active_not_toxic,MorganFP,4,4,4_4,0.540314309651166
chemical,is_active_not_toxic,CLOOME,4,4,4_4,0.7025234995718981
chemical,is_active_not_toxic,CellCLIP,4,4,4_4,0.6205304780931513
chemical,is_active_not_toxic,CellCount,4,4,4_4,0.6416925215662085
chemical,is_active_not_toxic,MLP_CLOOME_arch,4,4,4_4,0.5455905504561817
plate,is_active,Morphology,0,0,0_0,0.7452096738165157
plate,is_active,PhysChem,0,0,0_0,0.7003233504225076
plate,is_active,LogP,0,0,0_0,0.6551823238734493
plate,is_active,MorganFP,0,0,0_0,0.601328270143342
plate,is_active,CLOOME,0,0,0_0,0.666366107863381
plate,is_active,CellCLIP,0,0,0_0,0.6767476450173525
plate,is_active,CellCount,0,0,0_0,0.5764218429067215
plate,is_active,MLP_CLOOME_arch,0,0,0_0,0.6466572594485336
plate,is_active,Morphology,0,1,0_1,0.7622518220658459
plate,is_active,PhysChem,0,1,0_1,0.6710471452397817
plate,is_active,LogP,0,1,0_1,0.6401348557198017
plate,is_active,MorganFP,0,1,0_1,0.5751487925243894
plate,is_active,CLOOME,0,1,0_1,0.7430273138522698
plate,is_active,CellCLIP,0,1,0_1,0.6488139436587539
plate,is_active,CellCount,0,1,0_1,0.5458829308414631
plate,is_active,MLP_CLOOME_arch,0,1,0_1,0.6513385615389888
plate,is_active,Morphology,0,2,0_2,0.6796296296296297
plate,is_active,PhysChem,0,2,0_2,0.6077509152284505
plate,is_active,LogP,0,2,0_2,0.6301668806161747
plate,is_active,MorganFP,0,2,0_2,0.5382399087148766
plate,is_active,CLOOME,0,2,0_2,0.669286359530262
plate,is_active,CellCLIP,0,2,0_2,0.5874768221366424
plate,is_active,CellCount,0,2,0_2,0.5932439499833595
plate,is_active,MLP_CLOOME_arch,0,2,0_2,0.569450387486331
plate,is_active,Morphology,0,3,0_3,0.7669019185528483
plate,is_active,PhysChem,0,3,0_3,0.5870175573546663
plate,is_active,LogP,0,3,0_3,0.609063607751133
plate,is_active,MorganFP,0,3,0_3,0.5393486022704692
plate,is_active,CLOOME,0,3,0_3,0.687227168708294
plate,is_active,CellCLIP,0,3,0_3,0.6203790952738089
plate,is_active,CellCount,0,3,0_3,0.5691893745633096
plate,is_active,MLP_CLOOME_arch,0,3,0_3,0.5490246982429825
plate,is_active,Morphology,0,4,0_4,0.7355008226581987
plate,is_active,PhysChem,0,4,0_4,0.5997705435648152
plate,is_active,LogP,0,4,0_4,0.559790464933674
plate,is_active,MorganFP,0,4,0_4,0.565863985328106
plate,is_active,CLOOME,0,4,0_4,0.6431411392914319
plate,is_active,CellCLIP,0,4,0_4,0.570053576829062
plate,is_active,CellCount,0,4,0_4,0.5793705624318497
plate,is_active,MLP_CLOOME_arch,0,4,0_4,0.5458760269354664
plate,is_active_and_toxic,Morphology,0,0,0_0,0.9864317780984448
plate,is_active_and_toxic,PhysChem,0,0,0_0,0.7127304793971462
plate,is_active_and_toxic,LogP,0,0,0_0,0.6028098444765111
plate,is_active_and_toxic,MorganFP,0,0,0_0,0.6180715889049222
plate,is_active_and_toxic,CLOOME,0,0,0_0,0.9225148308481642
plate,is_active_and_toxic,CellCLIP,0,0,0_0,0.8237694404361071
plate,is_active_and_toxic,CellCount,0,0,0_0,0.9979397146063813
plate,is_active_and_toxic,MLP_CLOOME_arch,0,0,0_0,0.5786315536315536
plate,is_active_and_toxic,Morphology,0,1,0_1,0.9790220510200072
plate,is_active_and_toxic,PhysChem,0,1,0_1,0.658152195275343
plate,is_active_and_toxic,LogP,0,1,0_1,0.5747828308635667
plate,is_active_and_toxic,MorganFP,0,1,0_1,0.6313922408710348
plate,is_active_and_toxic,CLOOME,0,1,0_1,0.8798926928972918
plate,is_active_and_toxic,CellCLIP,0,1,0_1,0.8023721551825793
plate,is_active_and_toxic,CellCount,0,1,0_1,0.9825439251601745
plate,is_active_and_toxic,MLP_CLOOME_arch,0,1,0_1,0.5583212137887662
plate,is_active_and_toxic,Morphology,0,2,0_2,0.9388081773953668
plate,is_active_and_toxic,PhysChem,0,2,0_2,0.7210551965784675
plate,is_active_and_toxic,LogP,0,2,0_2,0.5737515859878499
plate,is_active_and_toxic,MorganFP,0,2,0_2,0.6319941013855862
plate,is_active_and_toxic,CLOOME,0,2,0_2,0.8762383309105881
plate,is_active_and_toxic,CellCLIP,0,2,0_2,0.745565535958861
plate,is_active_and_toxic,CellCount,0,2,0_2,0.9354702506490997
plate,is_active_and_toxic,MLP_CLOOME_arch,0,2,0_2,0.5759929754392451
plate,is_active_and_toxic,Morphology,0,3,0_3,0.9817098023232117
plate,is_active_and_toxic,PhysChem,0,3,0_3,0.6513840771686706
plate,is_active_and_toxic,LogP,0,3,0_3,0.5797907750832144
plate,is_active_and_toxic,MorganFP,0,3,0_3,0.5674546566130019
plate,is_active_and_toxic,CLOOME,0,3,0_3,0.8856191834793832
plate,is_active_and_toxic,CellCLIP,0,3,0_3,0.7758779974186537
plate,is_active_and_toxic,CellCount,0,3,0_3,0.9783285782215881
plate,is_active_and_toxic,MLP_CLOOME_arch,0,3,0_3,0.5179811154133551
plate,is_active_and_toxic,Morphology,0,4,0_4,0.9813985498340911
plate,is_active_and_toxic,PhysChem,0,4,0_4,0.7053213715128427
plate,is_active_and_toxic,LogP,0,4,0_4,0.6103109254024824
plate,is_active_and_toxic,MorganFP,0,4,0_4,0.6542804473393143
plate,is_active_and_toxic,CLOOME,0,4,0_4,0.8924222686493795
plate,is_active_and_toxic,CellCLIP,0,4,0_4,0.8032001966326656
plate,is_active_and_toxic,CellCount,0,4,0_4,0.9869411330957356
plate,is_active_and_toxic,MLP_CLOOME_arch,0,4,0_4,0.6071820081110975
plate,is_active_not_toxic,Morphology,0,0,0_0,0.7662534430453103
plate,is_active_not_toxic,PhysChem,0,0,0_0,0.568695954225389
plate,is_active_not_toxic,LogP,0,0,0_0,0.5546654354906841
plate,is_active_not_toxic,MorganFP,0,0,0_0,0.5602685662618215
plate,is_active_not_toxic,CLOOME,0,0,0_0,0.7142490582900152
plate,is_active_not_toxic,CellCLIP,0,0,0_0,0.6333265839753951
plate,is_active_not_toxic,CellCount,0,0,0_0,0.6678704961127189
plate,is_active_not_toxic,MLP_CLOOME_arch,0,0,0_0,0.5574748557324741
plate,is_active_not_toxic,Morphology,0,1,0_1,0.7952658598007623
plate,is_active_not_toxic,PhysChem,0,1,0_1,0.579119380947762
plate,is_active_not_toxic,LogP,0,1,0_1,0.5539640969819767
plate,is_active_not_toxic,MorganFP,0,1,0_1,0.5772944126511974
plate,is_active_not_toxic,CLOOME,0,1,0_1,0.7020218349553278
plate,is_active_not_toxic,CellCLIP,0,1,0_1,0.6337058711529273
plate,is_active_not_toxic,CellCount,0,1,0_1,0.6916540032547662
plate,is_active_not_toxic,MLP_CLOOME_arch,0,1,0_1,0.5734064757634869
plate,is_active_not_toxic,Morphology,0,2,0_2,0.6769223115827876
plate,is_active_not_toxic,PhysChem,0,2,0_2,0.5375789735511152
plate,is_active_not_toxic,LogP,0,2,0_2,0.5616889146836912
plate,is_active_not_toxic,MorganFP,0,2,0_2,0.5348304452367134
plate,is_active_not_toxic,CLOOME,0,2,0_2,0.6396036812867922
plate,is_active_not_toxic,CellCLIP,0,2,0_2,0.5577248984329658
plate,is_active_not_toxic,CellCount,0,2,0_2,0.6068360832435121
plate,is_active_not_toxic,MLP_CLOOME_arch,0,2,0_2,0.5565143852085234
plate,is_active_not_toxic,Morphology,0,3,0_3,0.8003669165902257
plate,is_active_not_toxic,PhysChem,0,3,0_3,0.526307494519272
plate,is_active_not_toxic,LogP,0,3,0_3,0.5186583815295038
plate,is_active_not_toxic,MorganFP,0,3,0_3,0.5516109267477236
plate,is_active_not_toxic,CLOOME,0,3,0_3,0.7308758894008565
plate,is_active_not_toxic,CellCLIP,0,3,0_3,0.6095065396861377
plate,is_active_not_toxic,CellCount,0,3,0_3,0.7111576643421533
plate,is_active_not_toxic,MLP_CLOOME_arch,0,3,0_3,0.5070603110291019
plate,is_active_not_toxic,Morphology,0,4,0_4,0.7505643513010587
plate,is_active_not_toxic,PhysChem,0,4,0_4,0.5424121442298893
plate,is_active_not_toxic,LogP,0,4,0_4,0.49830217961624107
plate,is_active_not_toxic,MorganFP,0,4,0_4,0.5378553887922882
plate,is_active_not_toxic,CLOOME,0,4,0_4,0.6527046917421677
plate,is_active_not_toxic,CellCLIP,0,4,0_4,0.5939282663738141
plate,is_active_not_toxic,CellCount,0,4,0_4,0.6343184695402824
plate,is_active_not_toxic,MLP_CLOOME_arch,0,4,0_4,0.531760966718526
plate,is_active,Morphology,1,0,1_0,0.7150327793871016
plate,is_active,PhysChem,1,0,1_0,0.6304314682116177
plate,is_active,LogP,1,0,1_0,0.6394076840981856
plate,is_active,MorganFP,1,0,1_0,0.5757178431671495
plate,is_active,CLOOME,1,0,1_0,0.6905702088733039
plate,is_active,CellCLIP,1,0,1_0,0.6620241906794735
plate,is_active,CellCount,1,0,1_0,0.5562839863800376
plate,is_active,MLP_CLOOME_arch,1,0,1_0,0.562955481018448
plate,is_active,Morphology,1,1,1_1,0.7834746180670391
plate,is_active,PhysChem,1,1,1_1,0.6700711355579152
plate,is_active,LogP,1,1,1_1,0.6315471113509374
plate,is_active,MorganFP,1,1,1_1,0.5949595873441371
plate,is_active,CLOOME,1,1,1_1,0.7438931342001891
plate,is_active,CellCLIP,1,1,1_1,0.6612314110486401
plate,is_active,CellCount,1,1,1_1,0.5916929218379201
plate,is_active,MLP_CLOOME_arch,1,1,1_1,0.6394381683464174
plate,is_active,Morphology,1,2,1_2,0.795847501287996
plate,is_active,PhysChem,1,2,1_2,0.6123252618924953
plate,is_active,LogP,1,2,1_2,0.6059659969088099
plate,is_active,MorganFP,1,2,1_2,0.5270805426755969
plate,is_active,CLOOME,1,2,1_2,0.6927494418684527
plate,is_active,CellCLIP,1,2,1_2,0.6009754422119182
plate,is_active,CellCount,1,2,1_2,0.5501528421775718
plate,is_active,MLP_CLOOME_arch,1,2,1_2,0.5813481023527391
plate,is_active,Morphology,1,3,1_3,0.7332786659377681
plate,is_active,PhysChem,1,3,1_3,0.6238716516220216
plate,is_active,LogP,1,3,1_3,0.6066658666559999
plate,is_active,MorganFP,1,3,1_3,0.551425130112846
plate,is_active,CLOOME,1,3,1_3,0.6993726583021107
plate,is_active,CellCLIP,1,3,1_3,0.6181226860802589
plate,is_active,CellCount,1,3,1_3,0.6037258274554772
plate,is_active,MLP_CLOOME_arch,1,3,1_3,0.5911156593199021
plate,is_active,Morphology,1,4,1_4,0.7031849813318376
plate,is_active,PhysChem,1,4,1_4,0.6235443799774463
plate,is_active,LogP,1,4,1_4,0.6112377079352838
plate,is_active,MorganFP,1,4,1_4,0.5842988775730804
plate,is_active,CLOOME,1,4,1_4,0.6262657247862948
plate,is_active,CellCLIP,1,4,1_4,0.5956224765844567
plate,is_active,CellCount,1,4,1_4,0.5729811214920507
plate,is_active,MLP_CLOOME_arch,1,4,1_4,0.5941997230451015
plate,is_active_and_toxic,Morphology,1,0,1_0,0.9814053270923883
plate,is_active_and_toxic,PhysChem,1,0,1_0,0.7621977042237824
plate,is_active_and_toxic,LogP,1,0,1_0,0.5777359857349826
plate,is_active_and_toxic,MorganFP,1,0,1_0,0.6265407333110442
plate,is_active_and_toxic,CLOOME,1,0,1_0,0.8949543073665441
plate,is_active_and_toxic,CellCLIP,1,0,1_0,0.8218906720160483
plate,is_active_and_toxic,CellCount,1,0,1_0,0.9865373899476205
plate,is_active_and_toxic,MLP_CLOOME_arch,1,0,1_0,0.6089518555667002
plate,is_active_and_toxic,Morphology,1,1,1_1,0.9643028194754288
plate,is_active_and_toxic,PhysChem,1,1,1_1,0.6730772866487693
plate,is_active_and_toxic,LogP,1,1,1_1,0.5940182251295042
plate,is_active_and_toxic,MorganFP,1,1,1_1,0.6022548241136361
plate,is_active_and_toxic,CLOOME,1,1,1_1,0.8979783466303677
plate,is_active_and_toxic,CellCLIP,1,1,1_1,0.7959472403927351
plate,is_active_and_toxic,CellCount,1,1,1_1,0.9718572364855498
plate,is_active_and_toxic,MLP_CLOOME_arch,1,1,1_1,0.5238653407443818
plate,is_active_and_toxic,Morphology,1,2,1_2,0.9847322289018402
plate,is_active_and_toxic,PhysChem,1,2,1_2,0.6715455922169705
plate,is_active_and_toxic,LogP,1,2,1_2,0.6095016291129366
plate,is_active_and_toxic,MorganFP,1,2,1_2,0.6291037584323802
plate,is_active_and_toxic,CLOOME,1,2,1_2,0.8859391491900328
plate,is_active_and_toxic,CellCLIP,1,2,1_2,0.7557018952778669
plate,is_active_and_toxic,CellCount,1,2,1_2,0.9584645036941857
plate,is_active_and_toxic,MLP_CLOOME_arch,1,2,1_2,0.5930200541507961
plate,is_active_and_toxic,Morphology,1,3,1_3,0.9576587795765878
plate,is_active_and_toxic,PhysChem,1,3,1_3,0.7205576072486795
plate,is_active_and_toxic,LogP,1,3,1_3,0.6236652066245831
plate,is_active_and_toxic,MorganFP,1,3,1_3,0.6471815462131947
plate,is_active_and_toxic,CLOOME,1,3,1_3,0.8788522924092126
plate,is_active_and_toxic,CellCLIP,1,3,1_3,0.7726735947094947
plate,is_active_and_toxic,CellCount,1,3,1_3,0.9745387269005598
plate,is_active_and_toxic,MLP_CLOOME_arch,1,3,1_3,0.5726639326662946
plate,is_active_and_toxic,Morphology,1,4,1_4,0.9880643529622921
plate,is_active_and_toxic,PhysChem,1,4,1_4,0.7022512930964153
plate,is_active_and_toxic,LogP,1,4,1_4,0.5303979636790837
plate,is_active_and_toxic,MorganFP,1,4,1_4,0.6364685822441953
plate,is_active_and_toxic,CLOOME,1,4,1_4,0.9010026596178635
plate,is_active_and_toxic,CellCLIP,1,4,1_4,0.7590965457601123
plate,is_active_and_toxic,CellCount,1,4,1_4,0.9890617096611025
plate,is_active_and_toxic,MLP_CLOOME_arch,1,4,1_4,0.5501248225561701
plate,is_active_not_toxic,Morphology,1,0,1_0,0.735803437967115
plate,is_active_not_toxic,PhysChem,1,0,1_0,0.5904017189835575
plate,is_active_not_toxic,LogP,1,0,1_0,0.5764424514200299
plate,is_active_not_toxic,MorganFP,1,0,1_0,0.5447440209267564
plate,is_active_not_toxic,CLOOME,1,0,1_0,0.6694964499252616
plate,is_active_not_toxic,CellCLIP,1,0,1_0,0.6481530269058295
plate,is_active_not_toxic,CellCount,1,0,1_0,0.6217563527653214
plate,is_active_not_toxic,MLP_CLOOME_arch,1,0,1_0,0.5563238041853513
plate,is_active_not_toxic,Morphology,1,1,1_1,0.7960331352208411
plate,is_active_not_toxic,PhysChem,1,1,1_1,0.565200766078922
plate,is_active_not_toxic,LogP,1,1,1_1,0.525556017048882
plate,is_active_not_toxic,MorganFP,1,1,1_1,0.572322597020731
plate,is_active_not_toxic,CLOOME,1,1,1_1,0.7497033257186935
plate,is_active_not_toxic,CellCLIP,1,1,1_1,0.6270235658270784
plate,is_active_not_toxic,CellCount,1,1,1_1,0.6947246368212341
plate,is_active_not_toxic,MLP_CLOOME_arch,1,1,1_1,0.5505788444866382
plate,is_active_not_toxic,Morphology,1,2,1_2,0.8129332437087762
plate,is_active_not_toxic,PhysChem,1,2,1_2,0.5401525017854891
plate,is_active_not_toxic,LogP,1,2,1_2,0.5146840734361215
plate,is_active_not_toxic,MorganFP,1,2,1_2,0.5446309288745117
plate,is_active_not_toxic,CLOOME,1,2,1_2,0.710658320379784
plate,is_active_not_toxic,CellCLIP,1,2,1_2,0.60277065916061
plate,is_active_not_toxic,CellCount,1,2,1_2,0.6791832962231651
plate,is_active_not_toxic,MLP_CLOOME_arch,1,2,1_2,0.546903751627946
plate,is_active_not_toxic,Morphology,1,3,1_3,0.7491018588912244
plate,is_active_not_toxic,PhysChem,1,3,1_3,0.5496944084194207
plate,is_active_not_toxic,LogP,1,3,1_3,0.5200371181968605
plate,is_active_not_toxic,MorganFP,1,3,1_3,0.5217253253432315
plate,is_active_not_toxic,CLOOME,1,3,1_3,0.6925010807507118
plate,is_active_not_toxic,CellCLIP,1,3,1_3,0.5973473160115081
plate,is_active_not_toxic,CellCount,1,3,1_3,0.6280965371256503
plate,is_active_not_toxic,MLP_CLOOME_arch,1,3,1_3,0.52977058271097
plate,is_active_not_toxic,Morphology,1,4,1_4,0.7422648344002738
plate,is_active_not_toxic,PhysChem,1,4,1_4,0.5392307720624777
plate,is_active_not_toxic,LogP,1,4,1_4,0.556366855758718
plate,is_active_not_toxic,MorganFP,1,4,1_4,0.5762380866485796
plate,is_active_not_toxic,CLOOME,1,4,1_4,0.6823290348942939
plate,is_active_not_toxic,CellCLIP,1,4,1_4,0.6003335186214565
plate,is_active_not_toxic,CellCount,1,4,1_4,0.6746951028717205
plate,is_active_not_toxic,MLP_CLOOME_arch,1,4,1_4,0.5602873561102746
plate,is_active,Morphology,2,0,2_0,0.7385995447851117
plate,is_active,PhysChem,2,0,2_0,0.5798393359218101
plate,is_active,LogP,2,0,2_0,0.5941960101753916
plate,is_active,MorganFP,2,0,2_0,0.5395903066006159
plate,is_active,CLOOME,2,0,2_0,0.6892703173115544
plate,is_active,CellCLIP,2,0,2_0,0.5722988351854332
plate,is_active,CellCount,2,0,2_0,0.6092422010978712
plate,is_active,MLP_CLOOME_arch,2,0,2_0,0.5543553353862631
plate,is_active,Morphology,2,1,2_1,0.7498049008896519
plate,is_active,PhysChem,2,1,2_1,0.6054495683807375
plate,is_active,LogP,2,1,2_1,0.60032596559052
plate,is_active,MorganFP,2,1,2_1,0.5690050545677204
plate,is_active,CLOOME,2,1,2_1,0.6727362500150076
plate,is_active,CellCLIP,2,1,2_1,0.6093050269536925
plate,is_active,CellCount,2,1,2_1,0.5597078315784418
plate,is_active,MLP_CLOOME_arch,2,1,2_1,0.5731111404593533
plate,is_active,Morphology,2,2,2_2,0.7202365763344277
plate,is_active,PhysChem,2,2,2_2,0.6102827348042801
plate,is_active,LogP,2,2,2_2,0.629800849451939
plate,is_active,MorganFP,2,2,2_2,0.5442177160063284
plate,is_active,CLOOME,2,2,2_2,0.6644267900583501
plate,is_active,CellCLIP,2,2,2_2,0.5785034221912231
plate,is_active,CellCount,2,2,2_2,0.5966478403620094
plate,is_active,MLP_CLOOME_arch,2,2,2_2,0.5522656777186148
plate,is_active,Morphology,2,3,2_3,0.751616846020991
plate,is_active,PhysChem,2,3,2_3,0.6751707187458482
plate,is_active,LogP,2,3,2_3,0.6390474292546832
plate,is_active,MorganFP,2,3,2_3,0.6282622558788362
plate,is_active,CLOOME,2,3,2_3,0.6969655905407202
plate,is_active,CellCLIP,2,3,2_3,0.6806563039723662
plate,is_active,CellCount,2,3,2_3,0.5561086754351003
plate,is_active,MLP_CLOOME_arch,2,3,2_3,0.6469323767769364
plate,is_active,Morphology,2,4,2_4,0.7459064914609372
plate,is_active,PhysChem,2,4,2_4,0.6681226579185496
plate,is_active,LogP,2,4,2_4,0.6307719187530804
plate,is_active,MorganFP,2,4,2_4,0.5814946554255449
plate,is_active,CLOOME,2,4,2_4,0.6642892719956817
plate,is_active,CellCLIP,2,4,2_4,0.6613816357344585
plate,is_active,CellCount,2,4,2_4,0.5557770690504937
plate,is_active,MLP_CLOOME_arch,2,4,2_4,0.608118433370798
plate,is_active_and_toxic,Morphology,2,0,2_0,0.9629737836469168
plate,is_active_and_toxic,PhysChem,2,0,2_0,0.6886739901055666
plate,is_active_and_toxic,LogP,2,0,2_0,0.5818296910911145
plate,is_active_and_toxic,MorganFP,2,0,2_0,0.5906372950021426
plate,is_active_and_toxic,CLOOME,2,0,2_0,0.88395465700596
plate,is_active_and_toxic,CellCLIP,2,0,2_0,0.7629582018620232
plate,is_active_and_toxic,CellCount,2,0,2_0,0.9586712632932103
plate,is_active_and_toxic,MLP_CLOOME_arch,2,0,2_0,0.5233765727864126
plate,is_active_and_toxic,Morphology,2,1,2_1,0.9328381898475356
plate,is_active_and_toxic,PhysChem,2,1,2_1,0.7030726283062732
plate,is_active_and_toxic,LogP,2,1,2_1,0.6185473405099573
plate,is_active_and_toxic,MorganFP,2,1,2_1,0.6188437730493805
plate,is_active_and_toxic,CLOOME,2,1,2_1,0.8832102476962289
plate,is_active_and_toxic,CellCLIP,2,1,2_1,0.7754815278179764
plate,is_active_and_toxic,CellCount,2,1,2_1,0.9356157860830757
plate,is_active_and_toxic,MLP_CLOOME_arch,2,1,2_1,0.6129804774664588
plate,is_active_and_toxic,Morphology,2,2,2_2,0.9714606181455633
plate,is_active_and_toxic,PhysChem,2,2,2_2,0.7119498646916393
plate,is_active_and_toxic,LogP,2,2,2_2,0.5310959977211224
plate,is_active_and_toxic,MorganFP,2,2,2_2,0.6534592650619571
plate,is_active_and_toxic,CLOOME,2,2,2_2,0.9094715852442671
plate,is_active_and_toxic,CellCLIP,2,2,2_2,0.7871100982765987
plate,is_active_and_toxic,CellCount,2,2,2_2,0.985675117504629
plate,is_active_and_toxic,MLP_CLOOME_arch,2,2,2_2,0.5772966813844183
plate,is_active_and_toxic,Morphology,2,3,2_3,0.9712394548994159
plate,is_active_and_toxic,PhysChem,2,3,2_3,0.6666234047155527
plate,is_active_and_toxic,LogP,2,3,2_3,0.6162340471555268
plate,is_active_and_toxic,MorganFP,2,3,2_3,0.6465801427644386
plate,is_active_and_toxic,CLOOME,2,3,2_3,0.9136102098204629
plate,is_active_and_toxic,CellCLIP,2,3,2_3,0.8279126108587497
plate,is_active_and_toxic,CellCount,2,3,2_3,0.9976205926887303
plate,is_active_and_toxic,MLP_CLOOME_arch,2,3,2_3,0.5916590958252217
plate,is_active_and_toxic,Morphology,2,4,2_4,0.9606872497497496
plate,is_active_and_toxic,PhysChem,2,4,2_4,0.7093714808558559
plate,is_active_and_toxic,LogP,2,4,2_4,0.592139014014014
plate,is_active_and_toxic,MorganFP,2,4,2_4,0.6073886386386386
plate,is_active_and_toxic,CLOOME,2,4,2_4,0.8675100882132132
plate,is_active_and_toxic,CellCLIP,2,4,2_4,0.7731305524274273
plate,is_active_and_toxic,CellCount,2,4,2_4,0.9955678334584585
plate,is_active_and_toxic,MLP_CLOOME_arch,2,4,2_4,0.5989290071321322
plate,is_active_not_toxic,Morphology,2,0,2_0,0.7473797982444649
plate,is_active_not_toxic,PhysChem,2,0,2_0,0.5155238334930737
plate,is_active_not_toxic,LogP,2,0,2_0,0.5244282099195322
plate,is_active_not_toxic,MorganFP,2,0,2_0,0.5425481117309191
plate,is_active_not_toxic,CLOOME,2,0,2_0,0.6970288291145788
plate,is_active_not_toxic,CellCLIP,2,0,2_0,0.5851169092651713
plate,is_active_not_toxic,CellCount,2,0,2_0,0.6326459900570239
plate,is_active_not_toxic,MLP_CLOOME_arch,2,0,2_0,0.5359855406234701
plate,is_active_not_toxic,Morphology,2,1,2_1,0.7759582427483009
plate,is_active_not_toxic,PhysChem,2,1,2_1,0.5453522533638875
plate,is_active_not_toxic,LogP,2,1,2_1,0.5157284995201441
plate,is_active_not_toxic,MorganFP,2,1,2_1,0.5432124880036038
plate,is_active_not_toxic,CLOOME,2,1,2_1,0.7000616957518069
plate,is_active_not_toxic,CellCLIP,2,1,2_1,0.5816273968309928
plate,is_active_not_toxic,CellCount,2,1,2_1,0.6438049630804787
plate,is_active_not_toxic,MLP_CLOOME_arch,2,1,2_1,0.5289304111091525
plate,is_active_not_toxic,Morphology,2,2,2_2,0.7590897459954624
plate,is_active_not_toxic,PhysChem,2,2,2_2,0.5680225516453148
plate,is_active_not_toxic,LogP,2,2,2_2,0.5631983418911312
plate,is_active_not_toxic,MorganFP,2,2,2_2,0.568678459937565
plate,is_active_not_toxic,CLOOME,2,2,2_2,0.6959963153136248
plate,is_active_not_toxic,CellCLIP,2,2,2_2,0.5922314528923082
plate,is_active_not_toxic,CellCount,2,2,2_2,0.6745270466215177
plate,is_active_not_toxic,MLP_CLOOME_arch,2,2,2_2,0.5265860357209874
plate,is_active_not_toxic,Morphology,2,3,2_3,0.7804887585532747
plate,is_active_not_toxic,PhysChem,2,3,2_3,0.5694694748067182
plate,is_active_not_toxic,LogP,2,3,2_3,0.5452554874255754
plate,is_active_not_toxic,MorganFP,2,3,2_3,0.5916911045943304
plate,is_active_not_toxic,CLOOME,2,3,2_3,0.6922509553008086
plate,is_active_not_toxic,CellCLIP,2,3,2_3,0.653109393050742
plate,is_active_not_toxic,CellCount,2,3,2_3,0.6669039367279836
plate,is_active_not_toxic,MLP_CLOOME_arch,2,3,2_3,0.5869012707722385
plate,is_active_not_toxic,Morphology,2,4,2_4,0.750795973978068
plate,is_active_not_toxic,PhysChem,2,4,2_4,0.5653888585741653
plate,is_active_not_toxic,LogP,2,4,2_4,0.5451890533816782
plate,is_active_not_toxic,MorganFP,2,4,2_4,0.5261902212068206
plate,is_active_not_toxic,CLOOME,2,4,2_4,0.6760067179693781
plate,is_active_not_toxic,CellCLIP,2,4,2_4,0.6297101855771046
plate,is_active_not_toxic,CellCount,2,4,2_4,0.6790826708008016
plate,is_active_not_toxic,MLP_CLOOME_arch,2,4,2_4,0.5390949440140886
plate,is_active,Morphology,3,0,3_0,0.781682654272152
plate,is_active,PhysChem,3,0,3_0,0.6267012584058544
plate,is_active,LogP,3,0,3_0,0.5999632243868671
plate,is_active,MorganFP,3,0,3_0,0.5620209899129748
plate,is_active,CLOOME,3,0,3_0,0.6673197685917722
plate,is_active,CellCLIP,3,0,3_0,0.6049062994462026
plate,is_active,CellCount,3,0,3_0,0.5531423061708861
plate,is_active,MLP_CLOOME_arch,3,0,3_0,0.5832303204113924
plate,is_active,Morphology,3,1,3_1,0.7269557977989958
plate,is_active,PhysChem,3,1,3_1,0.6167937143897806
plate,is_active,LogP,3,1,3_1,0.6182350339516611
plate,is_active,MorganFP,3,1,3_1,0.5801909618336498
plate,is_active,CLOOME,3,1,3_1,0.6632333428727528
plate,is_active,CellCLIP,3,1,3_1,0.6294221713453183
plate,is_active,CellCount,3,1,3_1,0.5540013528631267
plate,is_active,MLP_CLOOME_arch,3,1,3_1,0.5820901735307126
plate,is_active,Morphology,3,2,3_2,0.7399034821882683
plate,is_active,PhysChem,3,2,3_2,0.6453263394248776
plate,is_active,LogP,3,2,3_2,0.6227320775236315
plate,is_active,MorganFP,3,2,3_2,0.563935432912152
plate,is_active,CLOOME,3,2,3_2,0.6766582992895933
plate,is_active,CellCLIP,3,2,3_2,0.6233109968897732
plate,is_active,CellCount,3,2,3_2,0.6112181447860928
plate,is_active,MLP_CLOOME_arch,3,2,3_2,0.5795545367824739
plate,is_active,Morphology,3,3,3_3,0.7485747527632345
plate,is_active,PhysChem,3,3,3_3,0.6546495055264689
plate,is_active,LogP,3,3,3_3,0.6412187318208261
plate,is_active,MorganFP,3,3,3_3,0.5659976730657359
plate,is_active,CLOOME,3,3,3_3,0.6885805700988947
plate,is_active,CellCLIP,3,3,3_3,0.6360471204188483
plate,is_active,CellCount,3,3,3_3,0.5888830715532286
plate,is_active,MLP_CLOOME_arch,3,3,3_3,0.6231617219313554
plate,is_active,Morphology,3,4,3_4,0.7509965738120066
plate,is_active,PhysChem,3,4,3_4,0.6516967078802325
plate,is_active,LogP,3,4,3_4,0.6164516609563533
plate,is_active,MorganFP,3,4,3_4,0.6181275137792344
plate,is_active,CLOOME,3,4,3_4,0.7125502755846864
plate,is_active,CellCLIP,3,4,3_4,0.666907492924177
plate,is_active,CellCount,3,4,3_4,0.557098167734247
plate,is_active,MLP_CLOOME_arch,3,4,3_4,0.629264114404886
plate,is_active_and_toxic,Morphology,3,0,3_0,0.9712615819287287
plate,is_active_and_toxic,PhysChem,3,0,3_0,0.7063349168317106
plate,is_active_and_toxic,LogP,3,0,3_0,0.600946867397015
plate,is_active_and_toxic,MorganFP,3,0,3_0,0.5903586646907562
plate,is_active_and_toxic,CLOOME,3,0,3_0,0.8632212881274555
plate,is_active_and_toxic,CellCLIP,3,0,3_0,0.768400666638967
plate,is_active_and_toxic,CellCount,3,0,3_0,0.951033890558564
plate,is_active_and_toxic,MLP_CLOOME_arch,3,0,3_0,0.567679551634512
plate,is_active_and_toxic,Morphology,3,1,3_1,0.9818892963156977
plate,is_active_and_toxic,PhysChem,3,1,3_1,0.702458529771259
plate,is_active_and_toxic,LogP,3,1,3_1,0.5510127466387289
plate,is_active_and_toxic,MorganFP,3,1,3_1,0.6331866596822072
plate,is_active_and_toxic,CLOOME,3,1,3_1,0.892924742448053
plate,is_active_and_toxic,CellCLIP,3,1,3_1,0.7551318316745241
plate,is_active_and_toxic,CellCount,3,1,3_1,0.9789453466038067
plate,is_active_and_toxic,MLP_CLOOME_arch,3,1,3_1,0.5601012746638729
plate,is_active_and_toxic,Morphology,3,2,3_2,0.9774568650468449
plate,is_active_and_toxic,PhysChem,3,2,3_2,0.677749230326253
plate,is_active_and_toxic,LogP,3,2,3_2,0.5353872732507918
plate,is_active_and_toxic,MorganFP,3,2,3_2,0.6223061418857561
plate,is_active_and_toxic,CLOOME,3,2,3_2,0.9011096591286628
plate,is_active_and_toxic,CellCLIP,3,2,3_2,0.779441405125252
plate,is_active_and_toxic,CellCount,3,2,3_2,0.9868413475381514
plate,is_active_and_toxic,MLP_CLOOME_arch,3,2,3_2,0.5728100290150391
plate,is_active_and_toxic,Morphology,3,3,3_3,0.9684501453381331
plate,is_active_and_toxic,PhysChem,3,3,3_3,0.6923315182311635
plate,is_active_and_toxic,LogP,3,3,3_3,0.5945369323473734
plate,is_active_and_toxic,MorganFP,3,3,3_3,0.6282289541285994
plate,is_active_and_toxic,CLOOME,3,3,3_3,0.8790466165022678
plate,is_active_and_toxic,CellCLIP,3,3,3_3,0.8222066270723138
plate,is_active_and_toxic,CellCount,3,3,3_3,0.9881910059304889
plate,is_active_and_toxic,MLP_CLOOME_arch,3,3,3_3,0.570015725109491
plate,is_active_and_toxic,Morphology,3,4,3_4,0.9674742457822281
plate,is_active_and_toxic,PhysChem,3,4,3_4,0.690518044195465
plate,is_active_and_toxic,LogP,3,4,3_4,0.6526429205680004
plate,is_active_and_toxic,MorganFP,3,4,3_4,0.6301228694566167
plate,is_active_and_toxic,CLOOME,3,4,3_4,0.8843929801257572
plate,is_active_and_toxic,CellCLIP,3,4,3_4,0.7863681319077973
plate,is_active_and_toxic,CellCount,3,4,3_4,0.9707914323459982
plate,is_active_and_toxic,MLP_CLOOME_arch,3,4,3_4,0.5698955393045098
plate,is_active_not_toxic,Morphology,3,0,3_0,0.7877414334820593
plate,is_active_not_toxic,PhysChem,3,0,3_0,0.5364585487890159
plate,is_active_not_toxic,LogP,3,0,3_0,0.520645332860562
plate,is_active_not_toxic,MorganFP,3,0,3_0,0.556459730717332
plate,is_active_not_toxic,CLOOME,3,0,3_0,0.6855312275310501
plate,is_active_not_toxic,CellCLIP,3,0,3_0,0.5922199568596165
plate,is_active_not_toxic,CellCount,3,0,3_0,0.6585793221641107
plate,is_active_not_toxic,MLP_CLOOME_arch,3,0,3_0,0.5410030631642191
plate,is_active_not_toxic,Morphology,3,1,3_1,0.7514847641845119
plate,is_active_not_toxic,PhysChem,3,1,3_1,0.5827909684932393
plate,is_active_not_toxic,LogP,3,1,3_1,0.5498778870414699
plate,is_active_not_toxic,MorganFP,3,1,3_1,0.5841091414892928
plate,is_active_not_toxic,CLOOME,3,1,3_1,0.7001520346768454
plate,is_active_not_toxic,CellCLIP,3,1,3_1,0.6121805654396066
plate,is_active_not_toxic,CellCount,3,1,3_1,0.6882472342627936
plate,is_active_not_toxic,MLP_CLOOME_arch,3,1,3_1,0.555950378469302
plate,is_active_not_toxic,Morphology,3,2,3_2,0.7521325875395479
plate,is_active_not_toxic,PhysChem,3,2,3_2,0.5465665006875008
plate,is_active_not_toxic,LogP,3,2,3_2,0.5740498471478728
plate,is_active_not_toxic,MorganFP,3,2,3_2,0.5290727749669599
plate,is_active_not_toxic,CLOOME,3,2,3_2,0.6882550828338384
plate,is_active_not_toxic,CellCLIP,3,2,3_2,0.5867953116447957
plate,is_active_not_toxic,CellCount,3,2,3_2,0.6042097745264254
plate,is_active_not_toxic,MLP_CLOOME_arch,3,2,3_2,0.5186985208719913
plate,is_active_not_toxic,Morphology,3,3,3_3,0.7720071133344977
plate,is_active_not_toxic,PhysChem,3,3,3_3,0.5434461739537033
plate,is_active_not_toxic,LogP,3,3,3_3,0.550191447849005
plate,is_active_not_toxic,MorganFP,3,3,3_3,0.5395937437209049
plate,is_active_not_toxic,CLOOME,3,3,3_3,0.7012099053370665
plate,is_active_not_toxic,CellCLIP,3,3,3_3,0.6357946447182365
plate,is_active_not_toxic,CellCount,3,3,3_3,0.654240865618445
plate,is_active_not_toxic,MLP_CLOOME_arch,3,3,3_3,0.5528364139630174
plate,is_active_not_toxic,Morphology,3,4,3_4,0.7827287066246056
plate,is_active_not_toxic,PhysChem,3,4,3_4,0.5729495268138801
plate,is_active_not_toxic,LogP,3,4,3_4,0.4943134183078978
plate,is_active_not_toxic,MorganFP,3,4,3_4,0.5841557251257566
plate,is_active_not_toxic,CLOOME,3,4,3_4,0.7036805141103247
plate,is_active_not_toxic,CellCLIP,3,4,3_4,0.6519586423963395
plate,is_active_not_toxic,CellCount,3,4,3_4,0.697629806462614
plate,is_active_not_toxic,MLP_CLOOME_arch,3,4,3_4,0.5664689729161339
plate,is_active,Morphology,4,0,4_0,0.7633341714860447
plate,is_active,PhysChem,4,0,4_0,0.6467802363590646
plate,is_active,LogP,4,0,4_0,0.6432939401558964
plate,is_active,MorganFP,4,0,4_0,0.5790130751822982
plate,is_active,CLOOME,4,0,4_0,0.702172491828011
plate,is_active,CellCLIP,4,0,4_0,0.6318783002263012
plate,is_active,CellCount,4,0,4_0,0.5889326125220015
plate,is_active,MLP_CLOOME_arch,4,0,4_0,0.6071649484536082
plate,is_active,Morphology,4,1,4_1,0.7666552823315118
plate,is_active,PhysChem,4,1,4_1,0.6110413820582878
plate,is_active,LogP,4,1,4_1,0.5784167235883425
plate,is_active,MorganFP,4,1,4_1,0.5719618055555555
plate,is_active,CLOOME,4,1,4_1,0.6928790983606556
plate,is_active,CellCLIP,4,1,4_1,0.6085610200364298
plate,is_active,CellCount,4,1,4_1,0.5924479166666667
plate,is_active,MLP_CLOOME_arch,4,1,4_1,0.5718323087431694
plate,is_active,Morphology,4,2,4_2,0.7400785010738354
plate,is_active,PhysChem,4,2,4_2,0.5856417092497963
plate,is_active,LogP,4,2,4_2,0.6256046804413834
plate,is_active,MorganFP,4,2,4_2,0.5505665407687181
plate,is_active,CLOOME,4,2,4_2,0.6701592238761758
plate,is_active,CellCLIP,4,2,4_2,0.614304969266089
plate,is_active,CellCount,4,2,4_2,0.5801333037102866
plate,is_active,MLP_CLOOME_arch,4,2,4_2,0.5848981707768643
plate,is_active,Morphology,4,3,4_3,0.7279606783950167
plate,is_active,PhysChem,4,3,4_3,0.6396038640290045
plate,is_active,LogP,4,3,4_3,0.6528116407523663
plate,is_active,MorganFP,4,3,4_3,0.5834343139401903
plate,is_active,CLOOME,4,3,4_3,0.6826994671143879
plate,is_active,CellCLIP,4,3,4_3,0.6352142492152711
plate,is_active,CellCount,4,3,4_3,0.5752634012215003
plate,is_active,MLP_CLOOME_arch,4,3,4_3,0.6462612842786578
plate,is_active,Morphology,4,4,4_4,0.7248303725635331
plate,is_active,PhysChem,4,4,4_4,0.6278697878114976
plate,is_active,LogP,4,4,4_4,0.5887120651369356
plate,is_active,MorganFP,4,4,4_4,0.562057426597582
plate,is_active,CLOOME,4,4,4_4,0.7023131014063657
plate,is_active,CellCLIP,4,4,4_4,0.6312515420676041
plate,is_active,CellCount,4,4,4_4,0.5468973599802616
plate,is_active,MLP_CLOOME_arch,4,4,4_4,0.596659881569208
plate,is_active_and_toxic,Morphology,4,0,4_0,0.9709763387528108
plate,is_active_and_toxic,PhysChem,4,0,4_0,0.6541242932625131
plate,is_active_and_toxic,LogP,4,0,4_0,0.6093095024383022
plate,is_active_and_toxic,MorganFP,4,0,4_0,0.6188545069262588
plate,is_active_and_toxic,CLOOME,4,0,4_0,0.8808979614498413
plate,is_active_and_toxic,CellCLIP,4,0,4_0,0.803765256738875
plate,is_active_and_toxic,CellCount,4,0,4_0,0.9696947264197212
plate,is_active_and_toxic,MLP_CLOOME_arch,4,0,4_0,0.5670764433175715
plate,is_active_and_toxic,Morphology,4,1,4_1,0.9623726636933169
plate,is_active_and_toxic,PhysChem,4,1,4_1,0.6718011904968502
plate,is_active_and_toxic,LogP,4,1,4_1,0.5714072505770265
plate,is_active_and_toxic,MorganFP,4,1,4_1,0.6565069503496868
plate,is_active_and_toxic,CLOOME,4,1,4_1,0.8680405393679607
plate,is_active_and_toxic,CellCLIP,4,1,4_1,0.7635232459261059
plate,is_active_and_toxic,CellCount,4,1,4_1,0.962974853791021
plate,is_active_and_toxic,MLP_CLOOME_arch,4,1,4_1,0.5549780469604151
plate,is_active_and_toxic,Morphology,4,2,4_2,0.9646713060244573
plate,is_active_and_toxic,PhysChem,4,2,4_2,0.6592973572508296
plate,is_active_and_toxic,LogP,4,2,4_2,0.5954375488466344
plate,is_active_and_toxic,MorganFP,4,2,4_2,0.5965677488194908
plate,is_active_and_toxic,CLOOME,4,2,4_2,0.8821082090425358
plate,is_active_and_toxic,CellCLIP,4,2,4_2,0.76979487923474
plate,is_active_and_toxic,CellCount,4,2,4_2,0.977915471337848
plate,is_active_and_toxic,MLP_CLOOME_arch,4,2,4_2,0.5868288413929305
plate,is_active_and_toxic,Morphology,4,3,4_3,0.9868336130114883
plate,is_active_and_toxic,PhysChem,4,3,4_3,0.7075869976233684
plate,is_active_and_toxic,LogP,4,3,4_3,0.5597897478340762
plate,is_active_and_toxic,MorganFP,4,3,4_3,0.6310355431704113
plate,is_active_and_toxic,CLOOME,4,3,4_3,0.9121595456305668
plate,is_active_and_toxic,CellCLIP,4,3,4_3,0.7559244944912261
plate,is_active_and_toxic,CellCount,4,3,4_3,0.9862052862967828
plate,is_active_and_toxic,MLP_CLOOME_arch,4,3,4_3,0.600103265780302
plate,is_active_and_toxic,Morphology,4,4,4_4,0.9742534396497812
plate,is_active_and_toxic,PhysChem,4,4,4_4,0.679795966228893
plate,is_active_and_toxic,LogP,4,4,4_4,0.6029881957473421
plate,is_active_and_toxic,MorganFP,4,4,4_4,0.5932301438398999
plate,is_active_and_toxic,CLOOME,4,4,4_4,0.9149116635397123
plate,is_active_and_toxic,CellCLIP,4,4,4_4,0.7912328017510946
plate,is_active_and_toxic,CellCount,4,4,4_4,0.9830675422138837
plate,is_active_and_toxic,MLP_CLOOME_arch,4,4,4_4,0.5334115071919949
plate,is_active_not_toxic,Morphology,4,0,4_0,0.769581011757198
plate,is_active_not_toxic,PhysChem,4,0,4_0,0.5627412890489398
plate,is_active_not_toxic,LogP,4,0,4_0,0.5584923225813239
plate,is_active_not_toxic,MorganFP,4,0,4_0,0.5587491715961808
plate,is_active_not_toxic,CLOOME,4,0,4_0,0.6842983726467194
plate,is_active_not_toxic,CellCLIP,4,0,4_0,0.6064214006949826
plate,is_active_not_toxic,CellCount,4,0,4_0,0.6159739048413847
plate,is_active_not_toxic,MLP_CLOOME_arch,4,0,4_0,0.5629253787865506
plate,is_active_not_toxic,Morphology,4,1,4_1,0.7789638584989996
plate,is_active_not_toxic,PhysChem,4,1,4_1,0.5343288919160529
plate,is_active_not_toxic,LogP,4,1,4_1,0.5118837001404793
plate,is_active_not_toxic,MorganFP,4,1,4_1,0.5355642586522498
plate,is_active_not_toxic,CLOOME,4,1,4_1,0.7042280022136137
plate,is_active_not_toxic,CellCLIP,4,1,4_1,0.588663743561364
plate,is_active_not_toxic,CellCount,4,1,4_1,0.6718232514580051
plate,is_active_not_toxic,MLP_CLOOME_arch,4,1,4_1,0.5192380060448682
plate,is_active_not_toxic,Morphology,4,2,4_2,0.7514499692489743
plate,is_active_not_toxic,PhysChem,4,2,4_2,0.5159496617387175
plate,is_active_not_toxic,LogP,4,2,4_2,0.5428334540019152
plate,is_active_not_toxic,MorganFP,4,2,4_2,0.5570908361943465
plate,is_active_not_toxic,CLOOME,4,2,4_2,0.6658103089894201
plate,is_active_not_toxic,CellCLIP,4,2,4_2,0.5822920802484994
plate,is_active_not_toxic,CellCount,4,2,4_2,0.6461053242092316
plate,is_active_not_toxic,MLP_CLOOME_arch,4,2,4_2,0.5302498618150112
plate,is_active_not_toxic,Morphology,4,3,4_3,0.756395046009607
plate,is_active_not_toxic,PhysChem,4,3,4_3,0.5766979506272868
plate,is_active_not_toxic,LogP,4,3,4_3,0.5756417552456097
plate,is_active_not_toxic,MorganFP,4,3,4_3,0.5520276700683553
plate,is_active_not_toxic,CLOOME,4,3,4_3,0.7008893261569922
plate,is_active_not_toxic,CellCLIP,4,3,4_3,0.6222678781565292
plate,is_active_not_toxic,CellCount,4,3,4_3,0.6561537447511752
plate,is_active_not_toxic,MLP_CLOOME_arch,4,3,4_3,0.5760476750840776
plate,is_active_not_toxic,Morphology,4,4,4_4,0.7605425055928412
plate,is_active_not_toxic,PhysChem,4,4,4_4,0.538320283370619
plate,is_active_not_toxic,LogP,4,4,4_4,0.5045031692766592
plate,is_active_not_toxic,MorganFP,4,4,4_4,0.5481366517524235
plate,is_active_not_toxic,CLOOME,4,4,4_4,0.7368120805369127
plate,is_active_not_toxic,CellCLIP,4,4,4_4,0.6398769574944072
plate,is_active_not_toxic,CellCount,4,4,4_4,0.7020544369873228
plate,is_active_not_toxic,MLP_CLOOME_arch,4,4,4_4,0.5119817300521998
