group1,group2,meandiff,lower,upper,p_adj,reject,cohens_d,sphericity,gg_epsilon,df_resid_used,target,n_cycles
CLOOME,CellCLIP,-0.0019390796925294884,-0.016119926426136306,0.012241767041077328,0.9,False,-0.1058424778896563,True,0.717860836497916,168.0,is_active,25
CLOOME,CellCount,0.04270453354902981,0.028523686815422993,0.05688538028263663,0.001,True,2.3021029911052504,True,0.717860836497916,168.0,is_active,25
CLOOME,LogP,0.01546290732716904,0.0012820605935622235,0.029643754060775858,0.02203926313824167,True,0.7932265485742225,True,0.717860836497916,168.0,is_active,25
CLOOME,MLP_CLOOME_arch,0.03029310094934523,0.016112254215738413,0.04447394768295205,0.001,True,1.3653743163174452,True,0.717860836497916,168.0,is_active,25
CLOOME,MorganFP,0.0539303158403045,0.03974946910669768,0.06811116257391131,0.001,True,2.8633045823898753,True,0.717860836497916,168.0,is_active,25
CLOOME,Morphology,-0.14633038254411734,-0.16051122927772415,-0.13214953581051053,0.001,True,-8.790470462361261,True,0.717860836497916,168.0,is_active,25
CLOOME,PhysChem,-0.013577909347558648,-0.027758756081165466,0.0006029373860481687,0.07162138589206268,False,-0.649171508972963,True,0.717860836497916,168.0,is_active,25
CellCLIP,CellCount,0.0446436132415593,0.03046276650795248,0.05882445997516612,0.001,True,2.799309025397648,True,0.717860836497916,168.0,is_active,25
CellCLIP,LogP,0.017401987019698528,0.003221140286091712,0.031582833753305346,0.0054931617948014155,True,1.021467614269794,True,0.717860836497916,168.0,is_active,25
CellCLIP,MLP_CLOOME_arch,0.03223218064187472,0.0180513339082679,0.04641302737548154,0.001,True,1.6066391902669375,True,0.717860836497916,168.0,is_active,25
CellCLIP,MorganFP,0.05586939553283399,0.04168854879922717,0.0700502422664408,0.001,True,3.432111853110614,True,0.717860836497916,168.0,is_active,25
CellCLIP,Morphology,-0.14439130285158785,-0.15857214958519467,-0.13021045611798104,0.001,True,-10.549473094994473,True,0.717860836497916,168.0,is_active,25
CellCLIP,PhysChem,-0.01163882965502916,-0.025819676388635977,0.002542017078577657,0.1944779030824213,False,-0.6241767107987388,True,0.717860836497916,168.0,is_active,25
CellCount,LogP,-0.02724162622186077,-0.04142247295546759,-0.013060779488253954,0.001,True,-1.576196642050858,True,0.717860836497916,168.0,is_active,25
CellCount,MLP_CLOOME_arch,-0.01241143259968458,-0.026592279333291398,0.0017694141339222366,0.13363268094257164,False,-0.6122471264858578,True,0.717860836497916,168.0,is_active,25
CellCount,MorganFP,0.011225782291274689,-0.002955064442332128,0.025406629024881507,0.23402761927056526,False,0.6788434603368214,True,0.717860836497916,168.0,is_active,25
CellCount,Morphology,-0.18903491609314715,-0.20321576282675397,-0.17485406935954034,0.001,True,-13.509096025914042,True,0.717860836497916,168.0,is_active,25
CellCount,PhysChem,-0.05628244289658846,-0.07046328963019527,-0.04210159616298164,0.001,True,-2.9822438824174067,True,0.717860836497916,168.0,is_active,25
LogP,MLP_CLOOME_arch,0.014830193622176191,0.0006493468885693746,0.02901104035578301,0.033395579120272356,True,0.7015664982943343,True,0.717860836497916,168.0,is_active,25
LogP,MorganFP,0.03846740851313546,0.02428656177952864,0.05264825524674228,0.001,True,2.187086006836976,True,0.717860836497916,168.0,is_active,25
LogP,Morphology,-0.16179328987128638,-0.1759741366048932,-0.14761244313767957,0.001,True,-10.629095894042637,True,0.717860836497916,168.0,is_active,25
LogP,PhysChem,-0.029040816674727687,-0.043221663408334506,-0.014859969941120871,0.001,True,-1.466661902342835,True,0.717860836497916,168.0,is_active,25
MLP_CLOOME_arch,MorganFP,0.02363721489095927,0.009456368157352452,0.037818061624566086,0.001,True,1.1511911386089322,True,0.717860836497916,168.0,is_active,25
MLP_CLOOME_arch,Morphology,-0.17662348349346257,-0.19080433022706939,-0.16244263675985576,0.001,True,-9.523653153297783,True,0.717860836497916,168.0,is_active,25
MLP_CLOOME_arch,PhysChem,-0.04387101029690388,-0.058051857030510697,-0.02969016356329706,0.001,True,-1.9535714406396474,True,0.717860836497916,168.0,is_active,25
MorganFP,Morphology,-0.20026069838442184,-0.21444154511802865,-0.18607985165081503,0.001,True,-13.937459772457874,True,0.717860836497916,168.0,is_active,25
MorganFP,PhysChem,-0.06750822518786315,-0.08168907192146996,-0.05332737845425633,0.001,True,-3.524775814662802,True,0.717860836497916,168.0,is_active,25
Morphology,PhysChem,0.1327524731965587,0.11857162646295188,0.1469333199301655,0.001,True,7.806725043800503,True,0.717860836497916,168.0,is_active,25
CLOOME,CellCLIP,0.022740128592518283,-0.0009632128105654114,0.04644346999560198,0.07001515008480852,False,0.6846129207516042,False,0.5903392053971387,99.1769865067193,is_active_and_toxic,25
CLOOME,CellCount,-0.3003212886899531,-0.32402463009303684,-0.2766179472868694,0.001,True,-18.390654686764083,False,0.5903392053971387,99.1769865067193,is_active_and_toxic,25
CLOOME,LogP,0.12886779250689084,0.10516445110380715,0.15257113390997454,0.001,True,5.240203208302119,False,0.5903392053971387,99.1769865067193,is_active_and_toxic,25
CLOOME,MLP_CLOOME_arch,0.10844634820455168,0.08474300680146798,0.13214968960763537,0.001,True,3.503197758301864,False,0.5903392053971387,99.1769865067193,is_active_and_toxic,25
CLOOME,MorganFP,0.11762935132138908,0.09392600991830538,0.14133269272447277,0.001,True,3.695063767630884,False,0.5903392053971387,99.1769865067193,is_active_and_toxic,25
CLOOME,Morphology,-0.2668469613582857,-0.2905503027613694,-0.24314361995520198,0.001,True,-14.620347505688041,False,0.5903392053971387,99.1769865067193,is_active_and_toxic,25
CLOOME,PhysChem,-0.01833499673656458,-0.042038338139648274,0.005368344666519115,0.25520976734630696,False,-0.6550168057933261,False,0.5903392053971387,99.1769865067193,is_active_and_toxic,25
CellCLIP,CellCount,-0.3230614172824714,-0.3467647586855551,-0.2993580758793877,0.001,True,-10.873337895292643,False,0.5903392053971387,99.1769865067193,is_active_and_toxic,25
CellCLIP,LogP,0.10612766391437256,0.08242432251128887,0.12983100531745626,0.001,True,3.037350211647494,False,0.5903392053971387,99.1769865067193,is_active_and_toxic,25
CellCLIP,MLP_CLOOME_arch,0.0857062196120334,0.0620028782089497,0.10940956101511709,0.001,True,2.1600125656578597,False,0.5903392053971387,99.1769865067193,is_active_and_toxic,25
CellCLIP,MorganFP,0.09488922272887079,0.0711858813257871,0.11859256413195449,0.001,True,2.350654495214024,False,0.5903392053971387,99.1769865067193,is_active_and_toxic,25
CellCLIP,Morphology,-0.28958708995080396,-0.3132904313538877,-0.26588374854772023,0.001,True,-9.399316214101688,False,0.5903392053971387,99.1769865067193,is_active_and_toxic,25
CellCLIP,PhysChem,-0.04107512532908286,-0.06477846673216656,-0.017371783925999168,0.001,True,-1.0979265716869029,False,0.5903392053971387,99.1769865067193,is_active_and_toxic,25
CellCount,LogP,0.42918908119684396,0.40548573979376024,0.4528924225999277,0.001,True,21.895361166350643,False,0.5903392053971387,99.1769865067193,is_active_and_toxic,25
CellCount,MLP_CLOOME_arch,0.4087676368945048,0.38506429549142107,0.4324709782975885,0.001,True,15.049428754846211,False,0.5903392053971387,99.1769865067193,is_active_and_toxic,25
CellCount,MorganFP,0.4179506400113422,0.39424729860825847,0.4416539814144259,0.001,True,14.843042477810837,False,0.5903392053971387,99.1769865067193,is_active_and_toxic,25
CellCount,Morphology,0.03347432733166744,0.009770985928583747,0.057177668734751136,0.001,True,3.1547995713065213,False,0.5903392053971387,99.1769865067193,is_active_and_toxic,25
CellCount,PhysChem,0.28198629195338853,0.2582829505503048,0.30568963335647226,0.001,True,11.884405183149884,False,0.5903392053971387,99.1769865067193,is_active_and_toxic,25
LogP,MLP_CLOOME_arch,-0.020421444302339165,-0.04412478570542286,0.0032818971007445297,0.14488442032316262,False,-0.6226000051487056,False,0.5903392053971387,99.1769865067193,is_active_and_toxic,25
LogP,MorganFP,-0.011238441185501769,-0.03494178258858546,0.012464900217581926,0.7996211074013342,False,-0.3341793495277621,False,0.5903392053971387,99.1769865067193,is_active_and_toxic,25
LogP,Morphology,-0.3957147538651765,-0.41941809526826024,-0.3720114124620928,0.001,True,-18.63997386610326,False,0.5903392053971387,99.1769865067193,is_active_and_toxic,25
LogP,PhysChem,-0.14720278924345542,-0.17090613064653912,-0.12349944784037173,0.001,True,-4.903787099895528,False,0.5903392053971387,99.1769865067193,is_active_and_toxic,25
MLP_CLOOME_arch,MorganFP,0.009183003116837396,-0.014520338286246298,0.03288634451992109,0.9,False,0.2383387687251945,False,0.5903392053971387,99.1769865067193,is_active_and_toxic,25
MLP_CLOOME_arch,Morphology,-0.37529330956283735,-0.3989966509659211,-0.35158996815975363,0.001,True,-13.233841572708013,False,0.5903392053971387,99.1769865067193,is_active_and_toxic,25
MLP_CLOOME_arch,PhysChem,-0.12678134494111626,-0.15048468634419995,-0.10307800353803256,0.001,True,-3.5793148956653305,False,0.5903392053971387,99.1769865067193,is_active_and_toxic,25
MorganFP,Morphology,-0.38447631267967475,-0.40817965408275847,-0.360772971276591,0.001,True,-13.11565790632466,False,0.5903392053971387,99.1769865067193,is_active_and_toxic,25
MorganFP,PhysChem,-0.13596434805795365,-0.15966768946103735,-0.11226100665486996,0.001,True,-3.756933761203507,False,0.5903392053971387,99.1769865067193,is_active_and_toxic,25
Morphology,PhysChem,0.2485119646217211,0.2248086232186374,0.2722153060248048,0.001,True,9.905319829059211,False,0.5903392053971387,99.1769865067193,is_active_and_toxic,25
CLOOME,CellCLIP,0.007336886611995164,-0.007152274618153242,0.02182604784214357,0.7493412340041281,False,0.4447227782833906,True,0.6868255424029426,168.0,is_active_not_toxic,25
CLOOME,CellCount,-0.05498556058932602,-0.06947472181947442,-0.040496399359177614,0.001,True,-3.5563017137869557,True,0.6868255424029426,168.0,is_active_not_toxic,25
CLOOME,LogP,0.01768781821099996,0.0031986569808515556,0.03217697944114837,0.005884665074750828,True,1.1871230888590936,True,0.6868255424029426,168.0,is_active_not_toxic,25
CLOOME,MLP_CLOOME_arch,0.016334575033016274,0.0018454138028678683,0.030823736263164682,0.015400223499444254,True,0.9212874934305247,True,0.6868255424029426,168.0,is_active_not_toxic,25
CLOOME,MorganFP,0.04602221766372805,0.03153305643357964,0.06051137889387646,0.001,True,2.7811363878039197,True,0.6868255424029426,168.0,is_active_not_toxic,25
CLOOME,Morphology,-0.19287905727809806,-0.20736821850824647,-0.17838989604794966,0.001,True,-11.434750260592486,True,0.6868255424029426,168.0,is_active_not_toxic,25
CLOOME,PhysChem,0.0022138653961462085,-0.012275295834002197,0.016703026626294616,0.9,False,0.12107121754033441,True,0.6868255424029426,168.0,is_active_not_toxic,25
CellCLIP,CellCount,-0.062322447201321185,-0.07681160843146959,-0.04783328597117278,0.001,True,-3.7773423801208037,True,0.6868255424029426,168.0,is_active_not_toxic,25
CellCLIP,LogP,0.010350931599004798,-0.004138229631143608,0.024840092829153206,0.3624371960112054,False,0.6479928084779474,True,0.6868255424029426,168.0,is_active_not_toxic,25
CellCLIP,MLP_CLOOME_arch,0.00899768842102111,-0.005491472809127295,0.023486849651169518,0.5418035224646471,False,0.4826597183782433,True,0.6868255424029426,168.0,is_active_not_toxic,25
CellCLIP,MorganFP,0.038685331051732885,0.024196169821584478,0.05317449228188129,0.001,True,2.207897881931486,True,0.6868255424029426,168.0,is_active_not_toxic,25
CellCLIP,Morphology,-0.20021594389009323,-0.21470510512024163,-0.18572678265994483,0.001,True,-11.233135075158687,True,0.6868255424029426,168.0,is_active_not_toxic,25
CellCLIP,PhysChem,-0.005123021215848955,-0.019612182445997363,0.00936614001429945,0.9,False,-0.2672280099042534,True,0.6868255424029426,168.0,is_active_not_toxic,25
CellCount,LogP,0.07267337880032598,0.058184217570177575,0.08716254003047438,0.001,True,4.877003349629367,True,0.6868255424029426,168.0,is_active_not_toxic,25
CellCount,MLP_CLOOME_arch,0.0713201356223423,0.05683097439219389,0.0858092968524907,0.001,True,4.0222454974039445,True,0.6868255424029426,168.0,is_active_not_toxic,25
CellCount,MorganFP,0.10100777825305407,0.08651861702290567,0.11549693948320247,0.001,True,6.103431387183572,True,0.6868255424029426,168.0,is_active_not_toxic,25
CellCount,Morphology,-0.13789349668877204,-0.15238265791892044,-0.12340433545862364,0.001,True,-8.17431237330464,True,0.6868255424029426,168.0,is_active_not_toxic,25
CellCount,PhysChem,0.05719942598547223,0.04271026475532382,0.07168858721562063,0.001,True,3.127895942849466,True,0.6868255424029426,168.0,is_active_not_toxic,25
LogP,MLP_CLOOME_arch,-0.0013532431779836873,-0.015842404408132095,0.013135918052164719,0.9,False,-0.07847701596150608,True,0.6868255424029426,168.0,is_active_not_toxic,25
LogP,MorganFP,0.028334399452728087,0.013845238222579681,0.042823560682876495,0.001,True,1.7680479674325098,True,0.6868255424029426,168.0,is_active_not_toxic,25
LogP,Morphology,-0.21056687548909803,-0.22505603671924643,-0.19607771425894963,0.001,True,-12.874117009895294,True,0.6868255424029426,168.0,is_active_not_toxic,25
LogP,PhysChem,-0.015473952814853753,-0.02996311404500216,-0.0009847915847053471,0.027220903972359545,True,-0.868616962173642,True,0.6868255424029426,168.0,is_active_not_toxic,25
MLP_CLOOME_arch,MorganFP,0.029687642630711775,0.015198481400563369,0.04417680386086018,0.001,True,1.5887264262375145,True,0.6868255424029426,168.0,is_active_not_toxic,25
MLP_CLOOME_arch,Morphology,-0.20921363231111434,-0.22370279354126274,-0.19472447108096594,0.001,True,-11.028522532658473,True,0.6868255424029426,168.0,is_active_not_toxic,25
MLP_CLOOME_arch,PhysChem,-0.014120709636870066,-0.028609870867018473,0.0003684515932783402,0.06215152625348208,False,-0.6976172534964548,True,0.6868255424029426,168.0,is_active_not_toxic,25
MorganFP,Morphology,-0.23890127494182611,-0.25339043617197454,-0.2244121137116777,0.001,True,-13.368632367010157,True,0.6868255424029426,168.0,is_active_not_toxic,25
MorganFP,PhysChem,-0.04380835226758184,-0.05829751349773025,-0.029319191037433433,0.001,True,-2.279986880198612,True,0.6868255424029426,168.0,is_active_not_toxic,25
Morphology,PhysChem,0.19509292267424427,0.18060376144409587,0.20958208390439267,0.001,True,10.00968959041656,True,0.6868255424029426,168.0,is_active_not_toxic,25
