group1,group2,meandiff,lower,upper,p_adj,reject,cohens_d,sphericity,gg_epsilon,df_resid_used,split_type,target,n_cycles
CLOOME,CellCLIP,0.08377200221093739,0.0630769128063441,0.10446709161553068,0.001,True,3.1248364903738683,False,0.37869928774102485,63.62148034049218,chemical,is_active,25
CLOOME,CellCount,0.12709955115339044,0.10640446174879716,0.14779464055798375,0.001,True,6.767780967524707,False,0.37869928774102485,63.62148034049218,chemical,is_active,25
CLOOME,LogP,0.0874218093031941,0.06672671989860081,0.10811689870778739,0.001,True,3.5924748163639912,False,0.37869928774102485,63.62148034049218,chemical,is_active,25
CLOOME,MLP_CLOOME_arch,0.11547915301912703,0.09478406361453375,0.13617424242372034,0.001,True,4.151653688196865,False,0.37869928774102485,63.62148034049218,chemical,is_active,25
CLOOME,MorganFP,0.14346665792121538,0.12277156851662209,0.16416174732580868,0.001,True,4.693667992247673,False,0.37869928774102485,63.62148034049218,chemical,is_active,25
CLOOME,Morphology,-0.0576424346168527,-0.07833752402144599,-0.03694734521225941,0.001,True,-3.2235503590388106,False,0.37869928774102485,63.62148034049218,chemical,is_active,25
CLOOME,PhysChem,0.08214995455438256,0.061454865149789276,0.10284504395897585,0.001,True,2.9273671529616454,False,0.37869928774102485,63.62148034049218,chemical,is_active,25
CellCLIP,CellCount,0.043327548942453054,0.022632459537859764,0.06402263834704634,0.001,True,1.6284342203030964,False,0.37869928774102485,63.62148034049218,chemical,is_active,25
CellCLIP,LogP,0.003649807092256707,-0.017045282312336582,0.024344896496849996,0.9,False,0.1185770139866738,False,0.37869928774102485,63.62148034049218,chemical,is_active,25
CellCLIP,MLP_CLOOME_arch,0.031707150808189644,0.011012061403596354,0.05240224021278293,0.001,True,0.9436817549329305,False,0.37869928774102485,63.62148034049218,chemical,is_active,25
CellCLIP,MorganFP,0.05969465571027799,0.0389995663056847,0.08038974511487128,0.001,True,1.6623495512927267,False,0.37869928774102485,63.62148034049218,chemical,is_active,25
CellCLIP,Morphology,-0.1414144368277901,-0.1621095262323834,-0.1207193474231968,0.001,True,-5.443093263114164,False,0.37869928774102485,63.62148034049218,chemical,is_active,25
CellCLIP,PhysChem,-0.0016220476565548259,-0.022317137061148115,0.019073041748038463,0.9,False,-0.047983031830639934,False,0.37869928774102485,63.62148034049218,chemical,is_active,25
CellCount,LogP,-0.039677741850196346,-0.060372831254789636,-0.018982652445603057,0.001,True,-1.645528106298402,False,0.37869928774102485,63.62148034049218,chemical,is_active,25
CellCount,MLP_CLOOME_arch,-0.01162039813426341,-0.0323154875388567,0.00907469127032988,0.6299982500310348,False,-0.42070881792451015,False,0.37869928774102485,63.62148034049218,chemical,is_active,25
CellCount,MorganFP,0.016367106767824935,-0.004327982636768354,0.037062196172418224,0.22360455781732635,False,0.5385800431376899,False,0.37869928774102485,63.62148034049218,chemical,is_active,25
CellCount,Morphology,-0.18474198577024314,-0.20543707517483645,-0.16404689636564984,0.001,True,-10.50982439562189,False,0.37869928774102485,63.62148034049218,chemical,is_active,25
CellCount,PhysChem,-0.04494959659900788,-0.06564468600360117,-0.02425450719441459,0.001,True,-1.6128163900858707,False,0.37869928774102485,63.62148034049218,chemical,is_active,25
LogP,MLP_CLOOME_arch,0.028057343715932936,0.007362254311339647,0.048752433120526226,0.00174542627694807,True,0.8861858703475687,False,0.37869928774102485,63.62148034049218,chemical,is_active,25
LogP,MorganFP,0.05604484861802128,0.03534975921342799,0.07673993802261457,0.001,True,1.6434099910334652,False,0.37869928774102485,63.62148034049218,chemical,is_active,25
LogP,Morphology,-0.1450642439200468,-0.1657593333246401,-0.12436915451545351,0.001,True,-6.194164814429259,False,0.37869928774102485,63.62148034049218,chemical,is_active,25
LogP,PhysChem,-0.005271854748811533,-0.025966944153404822,0.015423234655781756,0.9,False,-0.16537352405146552,False,0.37869928774102485,63.62148034049218,chemical,is_active,25
MLP_CLOOME_arch,MorganFP,0.027987504902088345,0.007292415497495056,0.048682594306681634,0.0018080669828084428,True,0.7632775072864814,False,0.37869928774102485,63.62148034049218,chemical,is_active,25
MLP_CLOOME_arch,Morphology,-0.17312158763597973,-0.19381667704057304,-0.15242649823138643,0.001,True,-6.407598371229347,False,0.37869928774102485,63.62148034049218,chemical,is_active,25
MLP_CLOOME_arch,PhysChem,-0.03332919846474447,-0.05402428786933776,-0.01263410906015118,0.001,True,-0.9630362228606129,False,0.37869928774102485,63.62148034049218,chemical,is_active,25
MorganFP,Morphology,-0.20110909253806808,-0.22180418194266138,-0.18041400313347478,0.001,True,-6.739013328777977,False,0.37869928774102485,63.62148034049218,chemical,is_active,25
MorganFP,PhysChem,-0.061316703366832814,-0.0820117927714261,-0.040621613962239525,0.001,True,-1.663698606178983,False,0.37869928774102485,63.62148034049218,chemical,is_active,25
Morphology,PhysChem,0.13979238917123527,0.11909729976664198,0.16048747857582857,0.001,True,5.12568256807236,False,0.37869928774102485,63.62148034049218,chemical,is_active,25
CLOOME,CellCLIP,0.11590482811596448,0.09594919282486457,0.13586046340706437,0.001,True,6.2360549718133935,False,0.62641398979051,105.23755028480568,chemical,is_active_and_toxic,25
CLOOME,CellCount,-0.07787753049800283,-0.09783316578910274,-0.057921895206902926,0.001,True,-5.919029972462174,False,0.62641398979051,105.23755028480568,chemical,is_active_and_toxic,25
CLOOME,LogP,0.31083278959866667,0.2908771543075668,0.33078842488976656,0.001,True,12.62721788989204,False,0.62641398979051,105.23755028480568,chemical,is_active_and_toxic,25
CLOOME,MLP_CLOOME_arch,0.35250956440210424,0.33255392911100434,0.37246519969320413,0.001,True,13.869187391509596,False,0.62641398979051,105.23755028480568,chemical,is_active_and_toxic,25
CLOOME,MorganFP,0.3029532464876583,0.2829976111965584,0.3229088817787582,0.001,True,10.666348443199965,False,0.62641398979051,105.23755028480568,chemical,is_active_and_toxic,25
CLOOME,Morphology,-0.07092322806571727,-0.09087886335681718,-0.05096759277461736,0.001,True,-5.186705837040219,False,0.62641398979051,105.23755028480568,chemical,is_active_and_toxic,25
CLOOME,PhysChem,0.20866998966940775,0.18871435437830786,0.22862562496050765,0.001,True,8.692156978481231,False,0.62641398979051,105.23755028480568,chemical,is_active_and_toxic,25
CellCLIP,CellCount,-0.1937823586139673,-0.2137379939050672,-0.17382672332286742,0.001,True,-11.099874652882193,False,0.62641398979051,105.23755028480568,chemical,is_active_and_toxic,25
CellCLIP,LogP,0.1949279614827022,0.1749723261916023,0.2148835967738021,0.001,True,7.177217323425846,False,0.62641398979051,105.23755028480568,chemical,is_active_and_toxic,25
CellCLIP,MLP_CLOOME_arch,0.23660473628613976,0.21664910099503987,0.25656037157723965,0.001,True,8.484411436649808,False,0.62641398979051,105.23755028480568,chemical,is_active_and_toxic,25
CellCLIP,MorganFP,0.18704841837169384,0.16709278308059394,0.20700405366279373,0.001,True,6.106085106068038,False,0.62641398979051,105.23755028480568,chemical,is_active_and_toxic,25
CellCLIP,Morphology,-0.18682805618168175,-0.20678369147278164,-0.16687242089058185,0.001,True,-10.466055736895905,False,0.62641398979051,105.23755028480568,chemical,is_active_and_toxic,25
CellCLIP,PhysChem,0.09276516155344328,0.07280952626234337,0.11272079684454318,0.001,True,3.486339999600385,False,0.62641398979051,105.23755028480568,chemical,is_active_and_toxic,25
CellCount,LogP,0.3887103200966695,0.3687546848055696,0.4086659553877694,0.001,True,16.349002301940338,False,0.62641398979051,105.23755028480568,chemical,is_active_and_toxic,25
CellCount,MLP_CLOOME_arch,0.43038709490010707,0.4104314596090072,0.45034273019120696,0.001,True,17.49271490702757,False,0.62641398979051,105.23755028480568,chemical,is_active_and_toxic,25
CellCount,MorganFP,0.38083077698566115,0.36087514169456125,0.40078641227676104,0.001,True,13.759527226323458,False,0.62641398979051,105.23755028480568,chemical,is_active_and_toxic,25
CellCount,Morphology,0.006954302432285564,-0.01300133285881434,0.026909937723385468,0.9,False,0.5749220744231137,False,0.62641398979051,105.23755028480568,chemical,is_active_and_toxic,25
CellCount,PhysChem,0.2865475201674106,0.2665918848763107,0.3065031554585105,0.001,True,12.380926649143486,False,0.62641398979051,105.23755028480568,chemical,is_active_and_toxic,25
LogP,MLP_CLOOME_arch,0.041676774803437566,0.021721139512337662,0.061632410094537474,0.001,True,1.293469113718392,False,0.62641398979051,105.23755028480568,chemical,is_active_and_toxic,25
LogP,MorganFP,-0.007879543111008358,-0.027835178402108262,0.012076092180091546,0.9,False,-0.22756794352205376,False,0.62641398979051,105.23755028480568,chemical,is_active_and_toxic,25
LogP,Morphology,-0.38175601766438394,-0.40171165295548383,-0.36180038237328405,0.001,True,-15.863091132088355,False,0.62641398979051,105.23755028480568,chemical,is_active_and_toxic,25
LogP,PhysChem,-0.10216279992925892,-0.12211843522035883,-0.08220716463815901,0.001,True,-3.2827908261393213,False,0.62641398979051,105.23755028480568,chemical,is_active_and_toxic,25
MLP_CLOOME_arch,MorganFP,-0.049556317914445924,-0.06951195320554583,-0.02960068262334602,0.001,True,-1.4079009350477487,False,0.62641398979051,105.23755028480568,chemical,is_active_and_toxic,25
MLP_CLOOME_arch,Morphology,-0.4234327924678215,-0.4433884277589214,-0.4034771571767216,0.001,True,-17.01623954565516,False,0.62641398979051,105.23755028480568,chemical,is_active_and_toxic,25
MLP_CLOOME_arch,PhysChem,-0.14383957473269648,-0.16379521002379638,-0.12388393944159658,0.001,True,-4.52926811962053,False,0.62641398979051,105.23755028480568,chemical,is_active_and_toxic,25
MorganFP,Morphology,-0.3738764745533756,-0.3938321098444755,-0.3539208392622757,0.001,True,-13.387621715993342,False,0.62641398979051,105.23755028480568,chemical,is_active_and_toxic,25
MorganFP,PhysChem,-0.09428325681825056,-0.11423889210935047,-0.07432762152715065,0.001,True,-2.757267122757448,False,0.62641398979051,105.23755028480568,chemical,is_active_and_toxic,25
Morphology,PhysChem,0.279593217735125,0.25963758244402513,0.2995488530262249,0.001,True,11.927032951210434,False,0.62641398979051,105.23755028480568,chemical,is_active_and_toxic,25
CLOOME,CellCLIP,0.10220868724970122,0.086040398989933,0.11837697550946945,0.001,True,5.6583061341006555,False,0.40001462271133553,67.20245661550437,chemical,is_active_not_toxic,25
CLOOME,CellCount,0.05328762212703542,0.03711933386726719,0.06945591038680364,0.001,True,2.6045702728323583,False,0.40001462271133553,67.20245661550437,chemical,is_active_not_toxic,25
CLOOME,LogP,0.1753083852842341,0.15914009702446585,0.19147667354400233,0.001,True,10.115268356358934,False,0.40001462271133553,67.20245661550437,chemical,is_active_not_toxic,25
CLOOME,MLP_CLOOME_arch,0.1737980041587328,0.15762971589896457,0.18996629241850105,0.001,True,10.102654112916571,False,0.40001462271133553,67.20245661550437,chemical,is_active_not_toxic,25
CLOOME,MorganFP,0.17088544762442814,0.1547171593646599,0.18705373588419638,0.001,True,8.772878777539873,False,0.40001462271133553,67.20245661550437,chemical,is_active_not_toxic,25
CLOOME,Morphology,-0.06395635698196922,-0.08012464524173744,-0.047788068722200996,0.001,True,-3.850033146833466,False,0.40001462271133553,67.20245661550437,chemical,is_active_not_toxic,25
CLOOME,PhysChem,0.16136689805062798,0.14519860979085975,0.17753518631039622,0.001,True,8.35746410287858,False,0.40001462271133553,67.20245661550437,chemical,is_active_not_toxic,25
CellCLIP,CellCount,-0.04892106512266581,-0.06508935338243403,-0.032752776862897584,0.001,True,-2.2868270931134878,False,0.40001462271133553,67.20245661550437,chemical,is_active_not_toxic,25
CellCLIP,LogP,0.07309969803453287,0.056931409774764644,0.08926798629430109,0.001,True,3.9677435594616006,False,0.40001462271133553,67.20245661550437,chemical,is_active_not_toxic,25
CellCLIP,MLP_CLOOME_arch,0.07158931690903159,0.05542102864926336,0.08775760516879981,0.001,True,3.91128712514831,False,0.40001462271133553,67.20245661550437,chemical,is_active_not_toxic,25
CellCLIP,MorganFP,0.06867676037472692,0.052508472114958696,0.08484504863449514,0.001,True,3.3571461897644506,False,0.40001462271133553,67.20245661550437,chemical,is_active_not_toxic,25
CellCLIP,Morphology,-0.16616504423167044,-0.18233333249143868,-0.1499967559719022,0.001,True,-9.362125497298573,False,0.40001462271133553,67.20245661550437,chemical,is_active_not_toxic,25
CellCLIP,PhysChem,0.05915821080092676,0.042989922541158535,0.07532649906069498,0.001,True,2.9150017596419997,False,0.40001462271133553,67.20245661550437,chemical,is_active_not_toxic,25
CellCount,LogP,0.12202076315719868,0.10585247489743045,0.1381890514169669,0.001,True,5.872644728280747,False,0.40001462271133553,67.20245661550437,chemical,is_active_not_toxic,25
CellCount,MLP_CLOOME_arch,0.1205103820316974,0.10434209377192917,0.13667867029146563,0.001,True,5.8298436590891525,False,0.40001462271133553,67.20245661550437,chemical,is_active_not_toxic,25
CellCount,MorganFP,0.11759782549739273,0.1014295372376245,0.13376611375716096,0.001,True,5.203357154405274,False,0.40001462271133553,67.20245661550437,chemical,is_active_not_toxic,25
CellCount,Morphology,-0.11724397910900464,-0.13341226736877287,-0.10107569084923641,0.001,True,-5.809376596028815,False,0.40001462271133553,67.20245661550437,chemical,is_active_not_toxic,25
CellCount,PhysChem,0.10807927592359257,0.09191098766382434,0.12424756418336079,0.001,True,4.813491544405181,False,0.40001462271133553,67.20245661550437,chemical,is_active_not_toxic,25
LogP,MLP_CLOOME_arch,-0.0015103811255012811,-0.01767866938526951,0.014657907134266946,0.9,False,-0.08591061736474316,False,0.40001462271133553,67.20245661550437,chemical,is_active_not_toxic,25
LogP,MorganFP,-0.004422937659805948,-0.020591225919574175,0.01174535059996228,0.9,False,-0.22323244935579614,False,0.40001462271133553,67.20245661550437,chemical,is_active_not_toxic,25
LogP,Morphology,-0.2392647422662033,-0.25543303052597155,-0.22309645400643507,0.001,True,-14.072180465315778,False,0.40001462271133553,67.20245661550437,chemical,is_active_not_toxic,25
LogP,PhysChem,-0.013941487233606109,-0.030109775493374336,0.002226801026162118,0.1411866584710303,False,-0.7096588325058333,False,0.40001462271133553,67.20245661550437,chemical,is_active_not_toxic,25
MLP_CLOOME_arch,MorganFP,-0.0029125565343046667,-0.019080844794072894,0.01325573172546356,0.9,False,-0.14783500138085406,False,0.40001462271133553,67.20245661550437,chemical,is_active_not_toxic,25
MLP_CLOOME_arch,Morphology,-0.23775436114070203,-0.25392264940047027,-0.2215860728809338,0.001,True,-14.091381019639538,False,0.40001462271133553,67.20245661550437,chemical,is_active_not_toxic,25
MLP_CLOOME_arch,PhysChem,-0.012431106108104828,-0.028599394367873055,0.003737182151663399,0.2558043154806674,False,-0.636427691329453,False,0.40001462271133553,67.20245661550437,chemical,is_active_not_toxic,25
MorganFP,Morphology,-0.23484180460639736,-0.2510100928661656,-0.21867351634662913,0.001,True,-12.23947872254447,False,0.40001462271133553,67.20245661550437,chemical,is_active_not_toxic,25
MorganFP,PhysChem,-0.009518549573800161,-0.02568683783356839,0.006649738685968066,0.5822682630479568,False,-0.4414129289089987,False,0.40001462271133553,67.20245661550437,chemical,is_active_not_toxic,25
Morphology,PhysChem,0.2253232550325972,0.20915496677282897,0.24149154329236544,0.001,True,11.850446161562225,False,0.40001462271133553,67.20245661550437,chemical,is_active_not_toxic,25
CLOOME,CellCLIP,0.05931025763308173,0.03978047048447476,0.07884004478168871,0.001,True,2.0306449614815776,False,0.5330945414936877,89.55988297093954,plate,is_active,25
CLOOME,CellCount,0.10974826005674487,0.09021847290813789,0.12927804720535185,0.001,True,4.665268692969919,False,0.5330945414936877,89.55988297093954,plate,is_active,25
CLOOME,LogP,0.06549634657749082,0.04596655942888384,0.0850261337260978,0.001,True,2.6252419274778127,False,0.5330945414936877,89.55988297093954,plate,is_active,25
CLOOME,MLP_CLOOME_arch,0.08951394495565579,0.06998415780704881,0.10904373210426277,0.001,True,2.970882649499779,False,0.5330945414936877,89.55988297093954,plate,is_active,25
CLOOME,MorganFP,0.11419463417357878,0.0946648470249718,0.13372442132218576,0.001,True,4.495177147831876,False,0.5330945414936877,89.55988297093954,plate,is_active,25
CLOOME,Morphology,-0.059571836907596154,-0.07910162405620313,-0.04004204975898918,0.001,True,-2.2875828273338854,False,0.5330945414936877,89.55988297093954,plate,is_active,25
CLOOME,PhysChem,0.05348120744971152,0.03395142030110455,0.0730109945983185,0.001,True,1.8603698923040095,False,0.5330945414936877,89.55988297093954,plate,is_active,25
CellCLIP,CellCount,0.05043800242366314,0.030908215275056168,0.06996778957227012,0.001,True,1.8863413624047678,False,0.5330945414936877,89.55988297093954,plate,is_active,25
CellCLIP,LogP,0.006186088944409085,-0.013343698204197889,0.02571587609301606,0.9,False,0.2209341801968761,False,0.5330945414936877,89.55988297093954,plate,is_active,25
CellCLIP,MLP_CLOOME_arch,0.030203687322574058,0.010673900173967084,0.04973347447118103,0.001,True,0.923617889379944,False,0.5330945414936877,89.55988297093954,plate,is_active,25
CellCLIP,MorganFP,0.05488437654049705,0.035354589391890075,0.07441416368910403,0.001,True,1.9321421493556323,False,0.5330945414936877,89.55988297093954,plate,is_active,25
CellCLIP,Morphology,-0.11888209454067789,-0.13841188168928487,-0.0993523073920709,0.001,True,-4.102555557515552,False,0.5330945414936877,89.55988297093954,plate,is_active,25
CellCLIP,PhysChem,-0.00582905018337021,-0.025358837331977184,0.013700736965236764,0.9,False,-0.18544948496634076,False,0.5330945414936877,89.55988297093954,plate,is_active,25
CellCount,LogP,-0.04425191347925406,-0.06378170062786104,-0.024722126330647083,0.001,True,-2.0108220077511394,False,0.5330945414936877,89.55988297093954,plate,is_active,25
CellCount,MLP_CLOOME_arch,-0.020234315101089084,-0.03976410224969606,-0.0007045279524821105,0.036816765834786436,True,-0.7293324972392612,False,0.5330945414936877,89.55988297093954,plate,is_active,25
CellCount,MorganFP,0.004446374116833907,-0.015083413031773067,0.02397616126544088,0.9,False,0.19742773637664338,False,0.5330945414936877,89.55988297093954,plate,is_active,25
CellCount,Morphology,-0.16932009696434103,-0.188849884112948,-0.14979030981573405,0.001,True,-7.286245073476654,False,0.5330945414936877,89.55988297093954,plate,is_active,25
CellCount,PhysChem,-0.05626705260703335,-0.07579683975564033,-0.03673726545842638,0.001,True,-2.144707424589653,False,0.5330945414936877,89.55988297093954,plate,is_active,25
LogP,MLP_CLOOME_arch,0.024017598378164973,0.004487811229557999,0.043547385526771946,0.0058391867811485865,True,0.8293074227853721,False,0.5330945414936877,89.55988297093954,plate,is_active,25
LogP,MorganFP,0.048698287596087964,0.02916850044748099,0.06822807474469494,0.001,True,2.0286503161545375,False,0.5330945414936877,89.55988297093954,plate,is_active,25
LogP,Morphology,-0.12506818348508697,-0.14459797063369395,-0.10553839633647999,0.001,True,-5.067797718210421,False,0.5330945414936877,89.55988297093954,plate,is_active,25
LogP,PhysChem,-0.012015139127779295,-0.03154492627638627,0.007514648020827679,0.5416537766660369,False,-0.43660401789425685,False,0.5330945414936877,89.55988297093954,plate,is_active,25
MLP_CLOOME_arch,MorganFP,0.02468068921792299,0.005150902069316017,0.044210476366529965,0.004107611169229086,True,0.8407944825326635,False,0.5330945414936877,89.55988297093954,plate,is_active,25
MLP_CLOOME_arch,Morphology,-0.14908578186325194,-0.16861556901185892,-0.12955599471464496,0.001,True,-4.984897092435051,False,0.5330945414936877,89.55988297093954,plate,is_active,25
MLP_CLOOME_arch,PhysChem,-0.03603273750594427,-0.05556252465455124,-0.016502950357337294,0.001,True,-1.1158642008686508,False,0.5330945414936877,89.55988297093954,plate,is_active,25
MorganFP,Morphology,-0.17376647108117493,-0.19329625822978191,-0.15423668393256795,0.001,True,-6.912225310576065,False,0.5330945414936877,89.55988297093954,plate,is_active,25
MorganFP,PhysChem,-0.06071342672386726,-0.08024321387247424,-0.041183639575260285,0.001,True,-2.173553243764318,False,0.5330945414936877,89.55988297093954,plate,is_active,25
Morphology,PhysChem,0.11305304435730767,0.0935232572087007,0.13258283150591466,0.001,True,3.9648418623154855,False,0.5330945414936877,89.55988297093954,plate,is_active,25
CLOOME,CellCLIP,0.10694025799011908,0.08832216365629306,0.1255583523239451,0.001,True,5.250161947337933,False,0.6041623571783801,101.49927600596786,plate,is_active_and_toxic,25
CLOOME,CellCount,-0.0855404243657838,-0.10415851869960982,-0.06692233003195777,0.001,True,-5.187337672218737,False,0.6041623571783801,101.49927600596786,plate,is_active_and_toxic,25
CLOOME,LogP,0.3024765602844013,0.2838584659505753,0.3210946546182273,0.001,True,12.59264598066713,False,0.6041623571783801,101.49927600596786,plate,is_active_and_toxic,25
CLOOME,MLP_CLOOME_arch,0.31912428497232515,0.30050619063849915,0.33774237930615114,0.001,True,14.536882021305072,False,0.6041623571783801,101.49927600596786,plate,is_active_and_toxic,25
CLOOME,MorganFP,0.26759737113788884,0.24897927680406282,0.28621546547171484,0.001,True,13.706271407751839,False,0.6041623571783801,101.49927600596786,plate,is_active_and_toxic,25
CLOOME,Morphology,-0.08065554412682219,-0.09927363846064821,-0.06203744979299616,0.001,True,-5.442605584204136,False,0.6041623571783801,101.49927600596786,plate,is_active_and_toxic,25
CLOOME,PhysChem,0.19808087356325954,0.17946277922943352,0.21669896789708556,0.001,True,9.218612482351164,False,0.6041623571783801,101.49927600596786,plate,is_active_and_toxic,25
CellCLIP,CellCount,-0.19248068235590288,-0.2110987766897289,-0.17386258802207685,0.001,True,-9.20429004806543,False,0.6041623571783801,101.49927600596786,plate,is_active_and_toxic,25
CellCLIP,LogP,0.1955363022942822,0.17691820796045618,0.21415439662810823,0.001,True,7.17666418071618,False,0.6041623571783801,101.49927600596786,plate,is_active_and_toxic,25
CellCLIP,MLP_CLOOME_arch,0.21218402698220606,0.19356593264838004,0.2308021213160321,0.001,True,8.339824211848924,False,0.6041623571783801,101.49927600596786,plate,is_active_and_toxic,25
CellCLIP,MorganFP,0.16065711314776976,0.14203901881394373,0.17927520748159578,0.001,True,6.871954104461684,False,0.6041623571783801,101.49927600596786,plate,is_active_and_toxic,25
CellCLIP,Morphology,-0.18759580211694127,-0.2062138964507673,-0.16897770778311524,0.001,True,-9.560795247451942,False,0.6041623571783801,101.49927600596786,plate,is_active_and_toxic,25
CellCLIP,PhysChem,0.09114061557314046,0.07252252123931444,0.10975870990696648,0.001,True,3.6395729594381088,False,0.6041623571783801,101.49927600596786,plate,is_active_and_toxic,25
CellCount,LogP,0.3880169846501851,0.3693988903163591,0.4066350789840111,0.001,True,15.848846181494409,False,0.6041623571783801,101.49927600596786,plate,is_active_and_toxic,25
CellCount,MLP_CLOOME_arch,0.40466470933810894,0.38604661500428294,0.42328280367193494,0.001,True,18.01907021360895,False,0.6041623571783801,101.49927600596786,plate,is_active_and_toxic,25
CellCount,MorganFP,0.35313779550367264,0.33451970116984664,0.37175588983749863,0.001,True,17.578053883796613,False,0.6041623571783801,101.49927600596786,plate,is_active_and_toxic,25
CellCount,Morphology,0.004884880238961609,-0.013733214094864412,0.02350297457278763,0.9,False,0.31399140105686707,False,0.6041623571783801,101.49927600596786,plate,is_active_and_toxic,25
CellCount,PhysChem,0.28362129792904334,0.26500320359521734,0.30223939226286933,0.001,True,12.890357279976545,False,0.6041623571783801,101.49927600596786,plate,is_active_and_toxic,25
LogP,MLP_CLOOME_arch,0.01664772468792386,-0.001970369645902161,0.035265819021749883,0.11534333049835599,False,0.5851654185732161,False,0.6041623571783801,101.49927600596786,plate,is_active_and_toxic,25
LogP,MorganFP,-0.034879189146512446,-0.05349728348033847,-0.016261094812686425,0.001,True,-1.3102545405937829,False,0.6041623571783801,101.49927600596786,plate,is_active_and_toxic,25
LogP,Morphology,-0.3831321044112235,-0.40175019874504947,-0.3645140100773975,0.001,True,-16.380515116007295,False,0.6041623571783801,101.49927600596786,plate,is_active_and_toxic,25
LogP,PhysChem,-0.10439568672114174,-0.12301378105496777,-0.08577759238731572,0.001,True,-3.7162287063971413,False,0.6041623571783801,101.49927600596786,plate,is_active_and_toxic,25
MLP_CLOOME_arch,MorganFP,-0.051526913834436305,-0.07014500816826233,-0.03290881950061028,0.001,True,-2.080150712376877,False,0.6041623571783801,101.49927600596786,plate,is_active_and_toxic,25
MLP_CLOOME_arch,Morphology,-0.39977982909914733,-0.41839792343297333,-0.38116173476532134,0.001,True,-18.80351391367975,False,0.6041623571783801,101.49927600596786,plate,is_active_and_toxic,25
MLP_CLOOME_arch,PhysChem,-0.1210434114090656,-0.13966150574289163,-0.10242531707523958,0.001,True,-4.594385207170506,False,0.6041623571783801,101.49927600596786,plate,is_active_and_toxic,25
MorganFP,Morphology,-0.348252915264711,-0.366871009598537,-0.32963482093088503,0.001,True,-18.580971731225954,False,0.6041623571783801,101.49927600596786,plate,is_active_and_toxic,25
MorganFP,PhysChem,-0.0695164975746293,-0.08813459190845532,-0.050898403240803275,0.001,True,-2.853829965748014,False,0.6041623571783801,101.49927600596786,plate,is_active_and_toxic,25
Morphology,PhysChem,0.27873641769008173,0.26011832335625573,0.2973545120239077,0.001,True,13.413855317551631,False,0.6041623571783801,101.49927600596786,plate,is_active_and_toxic,25
CLOOME,CellCLIP,0.08449071883393877,0.06587604061505926,0.10310539705281828,0.001,True,3.3898005574564687,False,0.4255099531298598,71.48567212581645,plate,is_active_not_toxic,25
CLOOME,CellCount,0.03496319283828209,0.01634851461940258,0.053577871057161594,0.001,True,1.2659065635793372,False,0.4255099531298598,71.48567212581645,plate,is_active_not_toxic,25
CLOOME,LogP,0.15679029140293288,0.13817561318405336,0.1754049696218124,0.001,True,6.390982379240377,False,0.4255099531298598,71.48567212581645,plate,is_active_not_toxic,25
CLOOME,MLP_CLOOME_arch,0.15013500795385148,0.13152032973497196,0.168749686172731,0.001,True,6.639581464802436,False,0.4255099531298598,71.48567212581645,plate,is_active_not_toxic,25
CLOOME,MorganFP,0.14150215790265164,0.12288747968377213,0.16011683612153116,0.001,True,6.449868899348283,False,0.4255099531298598,71.48567212581645,plate,is_active_not_toxic,25
CLOOME,Morphology,-0.06903576689895607,-0.08765044511783558,-0.05042108868007657,0.001,True,-2.6840555118758225,False,0.4255099531298598,71.48567212581645,plate,is_active_not_toxic,25
CLOOME,PhysChem,0.14254215414805926,0.12392747592917976,0.16115683236693878,0.001,True,6.318917748035328,False,0.4255099531298598,71.48567212581645,plate,is_active_not_toxic,25
CellCLIP,CellCount,-0.049527525995656685,-0.06814220421453619,-0.030912847776777178,0.001,True,-1.7561454912131915,False,0.4255099531298598,71.48567212581645,plate,is_active_not_toxic,25
CellCLIP,LogP,0.07229957256899411,0.0536848943501146,0.09091425078787362,0.001,True,2.870405501548966,False,0.4255099531298598,71.48567212581645,plate,is_active_not_toxic,25
CellCLIP,MLP_CLOOME_arch,0.06564428911991271,0.047029610901033206,0.08425896733879222,0.001,True,2.814814097109407,False,0.4255099531298598,71.48567212581645,plate,is_active_not_toxic,25
CellCLIP,MorganFP,0.057011439068712866,0.03839676084983336,0.07562611728759237,0.001,True,2.514983199044919,False,0.4255099531298598,71.48567212581645,plate,is_active_not_toxic,25
CellCLIP,Morphology,-0.15352648573289485,-0.17214116395177437,-0.13491180751401533,0.001,True,-5.827301684965254,False,0.4255099531298598,71.48567212581645,plate,is_active_not_toxic,25
CellCLIP,PhysChem,0.05805143531412049,0.039436757095240985,0.076666113533,0.001,True,2.494847119420313,False,0.4255099531298598,71.48567212581645,plate,is_active_not_toxic,25
CellCount,LogP,0.1218270985646508,0.10321242034577129,0.14044177678353031,0.001,True,4.373362075701801,False,0.4255099531298598,71.48567212581645,plate,is_active_not_toxic,25
CellCount,MLP_CLOOME_arch,0.1151718151155694,0.09655713689668989,0.13378649333444892,0.001,True,4.399112082565015,False,0.4255099531298598,71.48567212581645,plate,is_active_not_toxic,25
CellCount,MorganFP,0.10653896506436955,0.08792428684549004,0.12515364328324907,0.001,True,4.161455123518543,False,0.4255099531298598,71.48567212581645,plate,is_active_not_toxic,25
CellCount,Morphology,-0.10399895973723816,-0.12261363795611767,-0.08538428151835865,0.001,True,-3.597578754575247,False,0.4255099531298598,71.48567212581645,plate,is_active_not_toxic,25
CellCount,PhysChem,0.10757896130977718,0.08896428309089767,0.1261936395286567,0.001,True,4.116441830634988,False,0.4255099531298598,71.48567212581645,plate,is_active_not_toxic,25
LogP,MLP_CLOOME_arch,-0.006655283449081395,-0.025269961667960902,0.011959394769798112,0.9,False,-0.29060294900963624,False,0.4255099531298598,71.48567212581645,plate,is_active_not_toxic,25
LogP,MorganFP,-0.015288133500281242,-0.03390281171916075,0.003326544718598265,0.186264273838332,False,-0.6875072077940741,False,0.4255099531298598,71.48567212581645,plate,is_active_not_toxic,25
LogP,Morphology,-0.22582605830188895,-0.24444073652076848,-0.20721138008300943,0.001,True,-8.693780869201179,False,0.4255099531298598,71.48567212581645,plate,is_active_not_toxic,25
LogP,PhysChem,-0.014248137254873616,-0.032862815473753124,0.004366540964005891,0.26220970611576944,False,-0.6235998414504764,False,0.4255099531298598,71.48567212581645,plate,is_active_not_toxic,25
MLP_CLOOME_arch,MorganFP,-0.008632850051199847,-0.027247528270079355,0.00998182816767966,0.8109145947425549,False,-0.4295408182566604,False,0.4255099531298598,71.48567212581645,plate,is_active_not_toxic,25
MLP_CLOOME_arch,Morphology,-0.21917077485280756,-0.23778545307168708,-0.20055609663392804,0.001,True,-9.06804318803895,False,0.4255099531298598,71.48567212581645,plate,is_active_not_toxic,25
MLP_CLOOME_arch,PhysChem,-0.007592853805792221,-0.02620753202467173,0.011021824413087286,0.9,False,-0.36553231080357806,False,0.4255099531298598,71.48567212581645,plate,is_active_not_toxic,25
MorganFP,Morphology,-0.2105379248016077,-0.22915260302048723,-0.1919232465827282,0.001,True,-8.943527527284608,False,0.4255099531298598,71.48567212581645,plate,is_active_not_toxic,25
MorganFP,PhysChem,0.0010399962454076261,-0.01757468197347188,0.019654674464287133,0.9,False,0.051903920973720596,False,0.4255099531298598,71.48567212581645,plate,is_active_not_toxic,25
Morphology,PhysChem,0.21157792104701534,0.19296324282813582,0.23019259926589486,0.001,True,8.772267493235006,False,0.4255099531298598,71.48567212581645,plate,is_active_not_toxic,25
